--songs
insert into fall22_s004_10_songs values (1, 'Chamak Challo','Hiphop',1,'07-20-2009');
insert into fall22_s004_10_songs values (2, '359am','Rap',2,'07-14-2010');
insert into fall22_s004_10_songs values (3, 'Sugar','Jazz',1,'10-08-2000');
insert into fall22_s004_10_songs values (4, 'Silence','RnB',2,'08-31-2009');
insert into fall22_s004_10_songs values (5, 'Sorry','Hiphop',3,'10-30-2000');
insert into fall22_s004_10_songs values (6, 'Despacito','Rap',3,'02-04-2009');
insert into fall22_s004_10_songs values (7, 'Closure','Jazz',2,'08-17-2008');
insert into fall22_s004_10_songs values (8, 'Mood','RnB',1,'11-25-2007');
insert into fall22_s004_10_songs values (9, 'Maps','Hiphop',2,'02-17-2004');
insert into fall22_s004_10_songs values (10, 'Apna time ayega','Rap',1,'07-04-2000');
insert into fall22_s004_10_songs values (11, 'Like a Rolling Stone','Rap',1,'11-25-2008');
insert into fall22_s004_10_songs values (12, 'Smells Like Teen Spirit','Hiphop',1,'07-15-2005');
insert into fall22_s004_10_songs values (13, 'A Day in the Life','Jazz',3,'04-24-2004');
insert into fall22_s004_10_songs values (14, 'Good Vibrations','Hiphop',3,'01-13-2006');
insert into fall22_s004_10_songs values (15, 'Johnny B. Goode','Jazz',3,'10-21-2008');
insert into fall22_s004_10_songs values (16, 'Respect','RnB',1,'11-06-2005');
insert into fall22_s004_10_songs values (17, 'Be My Baby','RnB',3,'05-14-2005');
insert into fall22_s004_10_songs values (18, 'Whats Going On','Jazz',2,'02-22-2004');
insert into fall22_s004_10_songs values (19, 'I Heard It Through the Grapevine','RnB',1,'02-25-2007');
insert into fall22_s004_10_songs values (20, '(I Cant Get No) Satisfaction','Hiphop',2,'11-07-2003');
insert into fall22_s004_10_songs values (21, 'Billie Jean','RnB',1,'04-22-2004');
insert into fall22_s004_10_songs values (22, 'Heartbreak Hotel','RnB',1,'03-24-2001');
insert into fall22_s004_10_songs values (23, 'Born to Run','Hiphop',1,'06-29-2009');
insert into fall22_s004_10_songs values (24, 'My Generation','RnB',3,'08-17-2010');
insert into fall22_s004_10_songs values (25, 'Love Will Tear Us Apart','RnB',3,'04-24-2010');
insert into fall22_s004_10_songs values (26, 'God Only Knows','Hiphop',2,'06-18-2005');
insert into fall22_s004_10_songs values (27, '(Sittin On) The Dock of the Bay','Jazz',3,'11-13-2005');
insert into fall22_s004_10_songs values (28, 'Hey Ya!','Jazz',1,'08-25-2004');
insert into fall22_s004_10_songs values (29, 'Anarchy in the U.K.','RnB',1,'06-07-2005');
insert into fall22_s004_10_songs values (30, 'Paper Planes','Hiphop',2,'08-15-2010');
insert into fall22_s004_10_songs values (31, 'London Calling','RnB',3,'06-18-2008');
insert into fall22_s004_10_songs values (32, 'Sympathy for the Devil','Rap',1,'12-14-2003');
insert into fall22_s004_10_songs values (33, 'Strawberry Fields Forever','Jazz',3,'07-24-2009');
insert into fall22_s004_10_songs values (34, 'Tutti Frutti','RnB',2,'12-04-2008');
insert into fall22_s004_10_songs values (35, 'Stairway to Heaven','RnB',2,'02-14-2005');
insert into fall22_s004_10_songs values (36, 'The Message','Hiphop',1,'10-25-2004');
insert into fall22_s004_10_songs values (37, 'Whatd I Say','RnB',1,'10-17-2000');
insert into fall22_s004_10_songs values (38, 'Imagine','Jazz',1,'04-24-2002');
insert into fall22_s004_10_songs values (39, 'A Change Is Gonna Come','Jazz',1,'09-04-2002');
insert into fall22_s004_10_songs values (40, 'Heroes','Hiphop',3,'02-05-2003');
insert into fall22_s004_10_songs values (41, 'When Doves Cry','Rap',3,'06-22-2006');
insert into fall22_s004_10_songs values (42, 'Superstition','RnB',1,'03-17-2002');
insert into fall22_s004_10_songs values (43, 'Common People','RnB',3,'06-27-2001');
insert into fall22_s004_10_songs values (44, 'Gimme Shelter','RnB',3,'01-08-2007');
insert into fall22_s004_10_songs values (45, 'Strange Fruit','Rap',1,'09-22-2004');
insert into fall22_s004_10_songs values (46, 'You Really Got Me','Jazz',3,'05-01-2002');
insert into fall22_s004_10_songs values (47, 'Crazy in Love','Hiphop',1,'01-03-2002');
insert into fall22_s004_10_songs values (48, 'Seven Nation Army','RnB',3,'03-07-2000');
insert into fall22_s004_10_songs values (49, 'Losing My Religion','Rap',3,'06-21-2008');
insert into fall22_s004_10_songs values (50, 'God Save the Queen','Jazz',3,'12-12-2005');
insert into fall22_s004_10_songs values (51, 'Bohemian Rhapsody','RnB',3,'03-12-2001');
insert into fall22_s004_10_songs values (52, 'Blue Monday','Rap',3,'10-30-2003');
insert into fall22_s004_10_songs values (53, 'Purple Haze','Jazz',1,'02-10-2002');
insert into fall22_s004_10_songs values (54, 'Louie Louie','Hiphop',1,'05-29-2000');
insert into fall22_s004_10_songs values (55, 'I Want You Back','Jazz',2,'09-06-2007');
insert into fall22_s004_10_songs values (56, 'Crazy','Jazz',3,'12-03-2005');
insert into fall22_s004_10_songs values (57, 'Youve Lost That Lovin Feelin','Hiphop',2,'10-05-2009');
insert into fall22_s004_10_songs values (58, 'Hey Jude','Hiphop',1,'12-14-2009');
insert into fall22_s004_10_songs values (59, 'Waterloo Sunset','Rap',3,'03-20-2000');
insert into fall22_s004_10_songs values (60, 'Take Me Out','RnB',1,'03-09-2007');
insert into fall22_s004_10_songs values (61, 'Get Ur Freak On','Hiphop',3,'10-10-2007');
insert into fall22_s004_10_songs values (62, 'Thatll Be the Day','Jazz',2,'08-17-2007');
insert into fall22_s004_10_songs values (63, 'Light My Fire','RnB',1,'09-19-2003');
insert into fall22_s004_10_songs values (64, 'I Feel Love','Hiphop',2,'03-14-2010');
insert into fall22_s004_10_songs values (65, 'There Is a Light That Never Goes Out','Hiphop',1,'01-08-2009');
insert into fall22_s004_10_songs values (66, 'Space Oddity','RnB',2,'08-16-2008');
insert into fall22_s004_10_songs values (67, 'Stand by Me','Hiphop',2,'07-28-2002');
insert into fall22_s004_10_songs values (68, 'Mr. Tambourine Man','Hiphop',3,'10-28-2001');
insert into fall22_s004_10_songs values (69, 'Bitter Sweet Symphony','RnB',1,'01-11-2000');
insert into fall22_s004_10_songs values (70, '(Were Gonna) Rock Around the Clock','Hiphop',3,'08-07-2004');
insert into fall22_s004_10_songs values (71, 'Layla','RnB',2,'08-25-2001');
insert into fall22_s004_10_songs values (72, 'River Deep - Mountain High','RnB',1,'05-02-2009');
insert into fall22_s004_10_songs values (73, 'Unfinished Sympathy','Jazz',2,'05-01-2000');
insert into fall22_s004_10_songs values (74, 'Loser','Jazz',2,'04-10-2005');
insert into fall22_s004_10_songs values (75, 'Fight the Power','Hiphop',2,'05-02-2010');
insert into fall22_s004_10_songs values (76, 'Once in a Lifetime','RnB',1,'04-15-2006');
insert into fall22_s004_10_songs values (77, 'Paranoid Android','Hiphop',2,'11-11-2002');
insert into fall22_s004_10_songs values (78, 'Whole Lotta Love','Rap',2,'11-19-2007');
insert into fall22_s004_10_songs values (79, 'Alright','Hiphop',2,'07-18-2008');
insert into fall22_s004_10_songs values (80, 'House of the Rising Sun','Rap',2,'04-17-2004');
insert into fall22_s004_10_songs values (81, 'Walk on the Wild Side','RnB',3,'12-22-2007');
insert into fall22_s004_10_songs values (82, 'Hotel California','Jazz',1,'01-22-2009');
insert into fall22_s004_10_songs values (83, '99 Problems','RnB',2,'01-26-2008');
insert into fall22_s004_10_songs values (84, 'Dancing on My Own','Jazz',1,'08-08-2006');
insert into fall22_s004_10_songs values (85, 'Formation','Rap',2,'08-14-2010');
insert into fall22_s004_10_songs values (86, 'Lets Stay Together','Rap',1,'06-09-2009');
insert into fall22_s004_10_songs values (87, 'Jumpin Jack Flash','Hiphop',1,'03-01-2007');
insert into fall22_s004_10_songs values (88, 'All My Friends','Jazz',2,'04-06-2006');
insert into fall22_s004_10_songs values (89, 'California Dreamin','Hiphop',3,'09-02-2000');
insert into fall22_s004_10_songs values (90, 'Blitzkrieg Bop','Jazz',3,'09-10-2007');
insert into fall22_s004_10_songs values (91, 'Dancing in the Street','Hiphop',2,'03-24-2010');
insert into fall22_s004_10_songs values (92, 'Hound Dog','Rap',2,'10-08-2005');
insert into fall22_s004_10_songs values (93, 'Oblivion','Hiphop',1,'09-03-2002');
insert into fall22_s004_10_songs values (94, 'I Want to Hold Your Hand','Rap',3,'08-10-2000');
insert into fall22_s004_10_songs values (95, 'All Along the Watchtower','Rap',2,'05-20-2007');
insert into fall22_s004_10_songs values (96, 'Nothing Compares 2 U','Jazz',1,'06-08-2002');
insert into fall22_s004_10_songs values (97, 'How Soon Is Now?','Jazz',2,'10-28-2009');
insert into fall22_s004_10_songs values (98, 'Sweet Child O Mine','Rap',1,'10-07-2009');
insert into fall22_s004_10_songs values (99, 'For What Its Worth','Hiphop',3,'02-12-2005');
insert into fall22_s004_10_songs values (100, 'The Weight','Hiphop',1,'09-21-2002');
insert into fall22_s004_10_songs values (101, 'Runaway','RnB',1,'08-08-2006');
insert into fall22_s004_10_songs values (102, 'Ghost Town','RnB',2,'01-01-2003');
insert into fall22_s004_10_songs values (103, 'Royals','Jazz',1,'11-08-2003');
insert into fall22_s004_10_songs values (104, 'rejaa','Jazz',3,'04-10-2010');
insert into fall22_s004_10_songs values (105, 'thekkw','Jazz',1,'01-04-2001');
insert into fall22_s004_10_songs values (106, 'lovew','Rap',2,'12-04-2004');

-- avail_songs
insert into fall22_s004_10_avail_songs values (1,1001,10,1,180);
insert into fall22_s004_10_avail_songs values (2,1002,10,1,200);
insert into fall22_s004_10_avail_songs values (3,1003,10,1,210);
insert into fall22_s004_10_avail_songs values (4,1004,10,1,170);
insert into fall22_s004_10_avail_songs values (5,1005,10,1,190);
insert into fall22_s004_10_avail_songs values (6,1006,10,1,150);
insert into fall22_s004_10_avail_songs values (7,1007,10,1,110);
insert into fall22_s004_10_avail_songs values (8,1008,10,1,140);
insert into fall22_s004_10_avail_songs values (11,1011,10,1,294);
insert into fall22_s004_10_avail_songs values (13,1013,10,1,181);
insert into fall22_s004_10_avail_songs values (14,1014,10,1,250);
insert into fall22_s004_10_avail_songs values (15,1015,10,1,275);
insert into fall22_s004_10_avail_songs values (16,1016,10,1,253);
insert into fall22_s004_10_avail_songs values (17,1017,10,1,211);
insert into fall22_s004_10_avail_songs values (18,1018,10,1,111);
insert into fall22_s004_10_avail_songs values (19,1019,10,1,200);
insert into fall22_s004_10_avail_songs values (21,1021,10,1,142);
insert into fall22_s004_10_avail_songs values (22,1022,10,1,191);
insert into fall22_s004_10_avail_songs values (23,1023,10,1,274);
insert into fall22_s004_10_avail_songs values (24,1024,10,1,254);
insert into fall22_s004_10_avail_songs values (26,1026,10,1,190);
insert into fall22_s004_10_avail_songs values (28,1028,10,1,167);
insert into fall22_s004_10_avail_songs values (29,1029,10,1,180);
insert into fall22_s004_10_avail_songs values (30,1030,10,1,142);
insert into fall22_s004_10_avail_songs values (31,1031,10,1,117);
insert into fall22_s004_10_avail_songs values (32,1032,10,1,288);
insert into fall22_s004_10_avail_songs values (33,1033,10,1,114);
insert into fall22_s004_10_avail_songs values (36,1036,10,1,300);
insert into fall22_s004_10_avail_songs values (37,1037,10,1,295);
insert into fall22_s004_10_avail_songs values (38,1038,10,1,178);
insert into fall22_s004_10_avail_songs values (40,1040,10,1,160);
insert into fall22_s004_10_avail_songs values (42,1042,10,1,103);
insert into fall22_s004_10_avail_songs values (43,1043,10,1,185);
insert into fall22_s004_10_avail_songs values (44,1044,10,1,120);
insert into fall22_s004_10_avail_songs values (45,1045,10,1,134);
insert into fall22_s004_10_avail_songs values (47,1047,10,1,119);
insert into fall22_s004_10_avail_songs values (48,1048,10,1,254);
insert into fall22_s004_10_avail_songs values (50,1050,10,1,111);
insert into fall22_s004_10_avail_songs values (51,1051,10,1,124);
insert into fall22_s004_10_avail_songs values (52,1052,10,1,252);
insert into fall22_s004_10_avail_songs values (54,1054,10,1,264);
insert into fall22_s004_10_avail_songs values (55,1055,10,1,150);
insert into fall22_s004_10_avail_songs values (57,1057,10,1,274);
insert into fall22_s004_10_avail_songs values (58,1058,10,1,198);
insert into fall22_s004_10_avail_songs values (60,1060,10,1,240);
insert into fall22_s004_10_avail_songs values (61,1061,10,1,161);
insert into fall22_s004_10_avail_songs values (62,1062,10,1,259);
insert into fall22_s004_10_avail_songs values (63,1063,10,1,150);
insert into fall22_s004_10_avail_songs values (65,1065,10,1,220);
insert into fall22_s004_10_avail_songs values (67,1067,10,1,257);
insert into fall22_s004_10_avail_songs values (68,1068,10,1,223);
insert into fall22_s004_10_avail_songs values (69,1069,10,1,284);
insert into fall22_s004_10_avail_songs values (70,1070,10,1,204);
insert into fall22_s004_10_avail_songs values (72,1072,10,1,118);
insert into fall22_s004_10_avail_songs values (73,1073,10,1,244);
insert into fall22_s004_10_avail_songs values (74,1074,10,1,284);
insert into fall22_s004_10_avail_songs values (76,1076,10,1,273);
insert into fall22_s004_10_avail_songs values (77,1077,10,1,176);
insert into fall22_s004_10_avail_songs values (79,1079,10,1,228);
insert into fall22_s004_10_avail_songs values (80,1080,10,1,176);
insert into fall22_s004_10_avail_songs values (83,1083,10,1,220);
insert into fall22_s004_10_avail_songs values (84,1084,10,1,151);
insert into fall22_s004_10_avail_songs values (85,1085,10,1,190);
insert into fall22_s004_10_avail_songs values (88,1088,10,1,285);
insert into fall22_s004_10_avail_songs values (89,1089,10,1,134);
insert into fall22_s004_10_avail_songs values (90,1090,10,1,250);

-- unavail_songs
insert into fall22_s004_10_unavail_songs values (9,1009);
insert into fall22_s004_10_unavail_songs values (10,1010);
insert into fall22_s004_10_unavail_songs values (12,1012);
insert into fall22_s004_10_unavail_songs values (20,1020);
insert into fall22_s004_10_unavail_songs values (25,1025);
insert into fall22_s004_10_unavail_songs values (27,1027);
insert into fall22_s004_10_unavail_songs values (34,1034);
insert into fall22_s004_10_unavail_songs values (39,1039);
insert into fall22_s004_10_unavail_songs values (41,1041);
insert into fall22_s004_10_unavail_songs values (46,1046);
insert into fall22_s004_10_unavail_songs values (35,1035);
insert into fall22_s004_10_unavail_songs values (49,1049);
insert into fall22_s004_10_unavail_songs values (53,1053);
insert into fall22_s004_10_unavail_songs values (56,1560);
insert into fall22_s004_10_unavail_songs values (59,1059);
insert into fall22_s004_10_unavail_songs values (64,1064);
insert into fall22_s004_10_unavail_songs values (66,1066);
insert into fall22_s004_10_unavail_songs values (71,1071);
insert into fall22_s004_10_unavail_songs values (75,1075);
insert into fall22_s004_10_unavail_songs values (78,1078);
insert into fall22_s004_10_unavail_songs values (81,1081);
insert into fall22_s004_10_unavail_songs values (82,1088);
insert into fall22_s004_10_unavail_songs values (86,1086);
insert into fall22_s004_10_unavail_songs values (87,1087);
insert into fall22_s004_10_unavail_songs values (91,1091);
insert into fall22_s004_10_unavail_songs values (92,1092);
insert into fall22_s004_10_unavail_songs values (93,1093);
insert into fall22_s004_10_unavail_songs values (94,1094);
insert into fall22_s004_10_unavail_songs values (95,1095);
insert into fall22_s004_10_unavail_songs values (96,1096);
insert into fall22_s004_10_unavail_songs values (97,1097);
insert into fall22_s004_10_unavail_songs values (98,1098);
insert into fall22_s004_10_unavail_songs values (99,1099);
insert into fall22_s004_10_unavail_songs values (100,1100);
insert into fall22_s004_10_unavail_songs values (101,1101);
insert into fall22_s004_10_unavail_songs values (102,1102);
insert into fall22_s004_10_unavail_songs values (103,1103);
insert into fall22_s004_10_unavail_songs values (104,1104);
insert into fall22_s004_10_unavail_songs values (105,1105);
insert into fall22_s004_10_unavail_songs values (106,1106);

-- person
insert into fall22_s004_10_person values(2001,'Aaliyah',NULL,'Acuff','m','02-19-1950');
insert into fall22_s004_10_person values(2002,'Roy',NULL,'Adams','m','10-10-1983');
insert into fall22_s004_10_person values(2003,'Edie',NULL,'Aguilera','m','04-28-1965');
insert into fall22_s004_10_person values(2004,'Christina',NULL,'Allen','m','11-17-1988');
insert into fall22_s004_10_person values(2005,'Betty',NULL,'Allison','f','07-06-1966');
insert into fall22_s004_10_person values(2006,'Luther',NULL,'Amara','f','06-11-1987');
insert into fall22_s004_10_person values(2007,'Lucine',NULL,'Anderson','m','02-13-1986');
insert into fall22_s004_10_person values(2008,'Carl',NULL,'Anderson','m','01-08-1986');
insert into fall22_s004_10_person values(2009,'Marian',NULL,'Andrews','m','12-09-1986');
insert into fall22_s004_10_person values(2010,'LaVerne',NULL,'Andrews','m','03-21-1962');
insert into fall22_s004_10_person values(2011,'Maxene',NULL,'Andrews','f','07-24-1970');
insert into fall22_s004_10_person values(2012,'Patty',NULL,'Anka','m','12-10-1981');
insert into fall22_s004_10_person values(2013,'Paul',NULL,'Anthony','m','12-17-1969');
insert into fall22_s004_10_person values(2014,'Charles',NULL,'Armstrong','f','06-10-1989');
insert into fall22_s004_10_person values(2015,'Louis',NULL,'Arnold','m','05-03-1987');
insert into fall22_s004_10_person values(2016,'Eddy',NULL,'Ashford','m','04-08-1988');
insert into fall22_s004_10_person values(2017,'Nick',NULL,'Autry','m','11-25-1988');
insert into fall22_s004_10_person values(2018,'Gene',NULL,'Avalon','m','07-31-1969');
insert into fall22_s004_10_person values(2019,'Frankie','Axton','Wayne','m','04-24-1988');
insert into fall22_s004_10_person values(2020,'Hoyt',NULL,'Badu','m','08-01-1964');
insert into fall22_s004_10_person values(2021,'Erykah',NULL,'Baez','f','03-20-1965');
insert into fall22_s004_10_person values(2022,'Joan',NULL,'Bailey','f','02-14-1979');
insert into fall22_s004_10_person values(2023,'Mildred',NULL,'Baker','m','01-02-1986');
insert into fall22_s004_10_person values(2024,'Anita',NULL,'Baker','m','09-20-1962');
insert into fall22_s004_10_person values(2025,'Chet',NULL,'Baker','m','08-05-1985');
insert into fall22_s004_10_person values(2026,'Josephine',NULL,'Baker','m','12-24-1973');
insert into fall22_s004_10_person values(2027,'LaVern',NULL,'Ballard','f','06-14-1972');
insert into fall22_s004_10_person values(2028,'Hank',NULL,'Banhart','m','06-01-1986');
insert into fall22_s004_10_person values(2029,'Devendra',NULL,'Barber','m','06-04-1974');
insert into fall22_s004_10_person values(2030,'Patricia','Barbour','Edwin','f','10-09-1974');
insert into fall22_s004_10_person values(2031,'Ross','Barker','Dupont','m','02-13-1990');
insert into fall22_s004_10_person values(2032,'Louisa',NULL,'Battle','m','01-15-1987');
insert into fall22_s004_10_person values(2033,'Kathleen',NULL,'Bayes','m','11-15-1989');
insert into fall22_s004_10_person values(2034,'Nora',NULL,'Fatehi','m','08-11-1979');
insert into fall22_s004_10_person values(2035,'Beck',NULL,'Belafonte','m','06-24-1967');
insert into fall22_s004_10_person values(2036,'Harry',NULL,'Beneke','m','02-22-1988');
insert into fall22_s004_10_person values(2037,'Tex',NULL,'Bennett','f','04-27-1990');
insert into fall22_s004_10_person values(2038,'Estelle',NULL,'Bennett','f','11-01-1955');
insert into fall22_s004_10_person values(2039,'Tony',NULL,'Benson','m','09-05-1977');
insert into fall22_s004_10_person values(2040,'Obie',NULL,'Berberian','m','04-14-1989');
insert into fall22_s004_10_person values(2041,'Ara',NULL,'Berry','m','01-01-1951');
insert into fall22_s004_10_person values(2042,'Chuck',NULL,'Berry','m','10-28-1984');
insert into fall22_s004_10_person values(2043,'Jan',NULL,'Duong','f','12-30-1968');
insert into fall22_s004_10_person values(2044,'Beyoncé',NULL,'Bird','m','02-20-1953');
insert into fall22_s004_10_person values(2045,'Andrew',NULL,'Blackwell','f','10-17-1960');
insert into fall22_s004_10_person values(2046,'Otis',NULL,'Blackwood','m','12-25-1961');
insert into fall22_s004_10_person values(2047,'James','Bland','(?Blue?)','m','11-01-1980');
insert into fall22_s004_10_person values(2048,'Bobby','Blige','J.','m','07-20-1956');
insert into fall22_s004_10_person values(2049,'Mary',NULL,'Bono','m','06-16-1987');
insert into fall22_s004_10_person values(2050,'Sonny',NULL,'Boone','f','03-29-1965');
insert into fall22_s004_10_person values(2051,'Pat','Sisters','Boswell','m','12-20-1955');
insert into fall22_s004_10_person values(2052,'The',NULL,'Willie','m','04-18-1980');
insert into fall22_s004_10_person values(2053,'Boxcar',NULL,'Branigan','f','05-24-1965');
insert into fall22_s004_10_person values(2054,'Laura',NULL,'Brice','m','03-22-1951');
insert into fall22_s004_10_person values(2055,'Fanny',NULL,'Brooks','m','05-01-1957');
insert into fall22_s004_10_person values(2056,'Garth','(?Kix?)','Eric','m','10-13-1983');
insert into fall22_s004_10_person values(2057,'Leon','Broonzy','Bill','m','04-06-1979');
insert into fall22_s004_10_person values(2058,'Big','Brown','Wiggins','m','10-28-1957');
insert into fall22_s004_10_person values(2059,'Anne',NULL,'Brown','m','11-18-1955');
insert into fall22_s004_10_person values(2060,'Charles',NULL,'Brown','f','03-18-1967');
insert into fall22_s004_10_person values(2061,'Chris',NULL,'Brown','f','12-27-1968');
insert into fall22_s004_10_person values(2062,'Gatemouth',NULL,'Brown','m','12-14-1978');
insert into fall22_s004_10_person values(2063,'James',NULL,'Brown','m','10-22-1984');
insert into fall22_s004_10_person values(2064,'Ruth',NULL,'Browne','m','10-01-1952');
insert into fall22_s004_10_person values(2065,'Jackson',NULL,'Buckley','m','02-27-1990');
insert into fall22_s004_10_person values(2066,'Jeff',NULL,'Burke','f','01-17-1965');
insert into fall22_s004_10_person values(2067,'Solomon','Burleigh','Thacker','m','09-01-1989');
insert into fall22_s004_10_person values(2068,'Harry',NULL,'Cale','f','08-12-1973');
insert into fall22_s004_10_person values(2069,'J.J.',NULL,'Callas','m','02-07-1978');
insert into fall22_s004_10_person values(2070,'Maria',NULL,'Calloway','m','09-08-1973');
insert into fall22_s004_10_person values(2071,'Cab',NULL,'Beefheart','m','02-26-1978');
insert into fall22_s004_10_person values(2072,'Captain',NULL,'Carey','m','09-24-1988');
insert into fall22_s004_10_person values(2073,'Mariah',NULL,'Carlisle','f','07-04-1950');
insert into fall22_s004_10_person values(2074,'Kitty',NULL,'Carpenter','m','06-21-1979');
insert into fall22_s004_10_person values(2075,'Thelma',NULL,'Carr','m','07-29-1987');
insert into fall22_s004_10_person values(2076,'James',NULL,'Carr','f','08-18-1975');
insert into fall22_s004_10_person values(2077,'Leroy',NULL,'Carroll','m','02-04-1965');
insert into fall22_s004_10_person values(2078,'Jim',NULL,'Carter','m','10-21-1965');
insert into fall22_s004_10_person values(2079,'Betty',NULL,'Carter','m','05-05-1981');
insert into fall22_s004_10_person values(2080,'Helen',NULL,'Carter','m','06-28-1989');
insert into fall22_s004_10_person values(2081,'Janette','Carter','E.','m','12-27-1964');
insert into fall22_s004_10_person values(2082,'John',NULL,'Carter','m','08-24-1990');
insert into fall22_s004_10_person values(2083,'Maybelle',NULL,'Carter','f','09-24-1977');
insert into fall22_s004_10_person values(2084,'Nell','Cary','Louise','f','04-04-1977');
insert into fall22_s004_10_person values(2085,'Annie',NULL,'Cash','m','06-28-1956');
insert into fall22_s004_10_person values(2086,'Johnny','Cash','Carter','m','12-19-1962');
insert into fall22_s004_10_person values(2087,'June',NULL,'Cash','f','09-13-1973');
insert into fall22_s004_10_person values(2088,'Rosanne',NULL,'Cassilly','m','02-17-1969');
insert into fall22_s004_10_person values(2089,'Richard',NULL,'Channing','m','09-18-1956');
insert into fall22_s004_10_person values(2090,'Carol',NULL,'Chapin','m','09-08-1968');
insert into fall22_s004_10_person values(2091,'Harry',NULL,'Charles','m','09-10-1961');
insert into fall22_s004_10_person values(2092,'Ray',NULL,'Chavis','m','03-18-1957');
insert into fall22_s004_10_person values(2093,'Boozoo',NULL,'Chenier','m','01-26-1963');
insert into fall22_s004_10_person values(2094,'Clifton',NULL,'Hill','f','10-25-1981');
insert into fall22_s004_10_person values(2095,'Cher',NULL,'Chesney','f','11-05-1976');
insert into fall22_s004_10_person values(2096,'Kenny',NULL,'Clarkson','m','03-17-1964');
insert into fall22_s004_10_person values(2097,'Kelly',NULL,'Cline','m','03-15-1977');
insert into fall22_s004_10_person values(2098,'Maggie',NULL,'Cline','f','08-09-1951');
insert into fall22_s004_10_person values(2099,'Patsy',NULL,'Clooney','m','04-04-1962');
insert into fall22_s004_10_person values(2100,'Rosemary','Coates','Love','m','07-10-1974');
insert into fall22_s004_10_person values(2101,'Dorothy',NULL,'Cobain','m','03-03-1964');
insert into fall22_s004_10_person values(2102,'Kurt',NULL,'Cochran','m','06-05-1980');
insert into fall22_s004_10_person values(2103,'Eddie',NULL,'Cochran','m','01-26-1953');
insert into fall22_s004_10_person values(2104,'Hank','Cole','King','m','05-24-1973');
insert into fall22_s004_10_person values(2105,'Nat',NULL,'Cole','f','04-16-1951');
insert into fall22_s004_10_person values(2106,'Natalie',NULL,'Coley','f','07-18-1965');
insert into fall22_s004_10_person values(2107,'Doris',NULL,'Collins','m','11-14-1963');
insert into fall22_s004_10_person values(2108,'Judy',NULL,'Como','m','06-19-1950');
insert into fall22_s004_10_person values(2109,'Perry','Jr.','Connick,','m','11-20-1964');
insert into fall22_s004_10_person values(2110,'Harry',NULL,'Connor','f','08-19-1976');
insert into fall22_s004_10_person values(2111,'Chris',NULL,'Cooke','f','05-17-1975');
insert into fall22_s004_10_person values(2112,'Sam','Copeland','Clyde','m','05-24-1963');
insert into fall22_s004_10_person values(2113,'Johnny',NULL,'Cornell','m','12-30-1961');
insert into fall22_s004_10_person values(2114,'Don',NULL,'Cowsill','m','03-23-1966');
insert into fall22_s004_10_person values(2115,'William',NULL,'Crosby','f','09-02-1965');
insert into fall22_s004_10_person values(2116,'Bing','Boy?)','(?Big','m','02-29-1960');
insert into fall22_s004_10_person values(2117,'Arthur',NULL,'Cruz','m','12-14-1950');
insert into fall22_s004_10_person values(2118,'Celia',NULL,'Cyrus','f','12-12-1953');
insert into fall22_s004_10_person values(2119,'Miley',NULL,'Dandridge','m','04-27-1976');
insert into fall22_s004_10_person values(2120,'Dale',NULL,'Hawkins','m','12-18-1983');
insert into fall22_s004_10_person values(2121,'Isaac',NULL,'Hayes','m','03-20-1987');
insert into fall22_s004_10_person values(2122,'Lee',NULL,'Hazlewood','m','03-01-1959');
insert into fall22_s004_10_person values(2123,'Levon',NULL,'Helm','m','07-20-1969');
insert into fall22_s004_10_person values(2124,'Woody',NULL,'Herman','m','11-18-1959');
insert into fall22_s004_10_person values(2125,'Albert',NULL,'Hibbler','f','05-22-1984');
insert into fall22_s004_10_person values(2126,'Hildegarde',NULL,'Russel','f','01-21-1983');
insert into fall22_s004_10_person values(2127,'Faith',NULL,'Hill','m','05-19-1984');
insert into fall22_s004_10_person values(2128,'Lauryn',NULL,'Hill','m','06-25-1955');
insert into fall22_s004_10_person values(2129,'Jerome',NULL,'Hines','m','10-26-1968');
insert into fall22_s004_10_person values(2130,'Don',NULL,'Ho','f','11-28-1976');
insert into fall22_s004_10_person values(2131,'Geoffrey',NULL,'Holder','f','06-04-1980');
insert into fall22_s004_10_person values(2132,'Billie',NULL,'Holiday','m','12-06-1966');
insert into fall22_s004_10_person values(2133,'Buddy',NULL,'Holly','m','10-12-1958');
insert into fall22_s004_10_person values(2134,'Louise',NULL,'Homer','m','11-24-1976');
insert into fall22_s004_10_person values(2135,'John','Hooker','Lee','f','04-08-1971');
insert into fall22_s004_10_person values(2136,'Shirley',NULL,'Horn','m','08-15-1967');
insert into fall22_s004_10_person values(2137,'Lena',NULL,'Horne','m','07-25-1962');
insert into fall22_s004_10_person values(2138,'Marilyn',NULL,'Horne','f','11-29-1968');
insert into fall22_s004_10_person values(2139,'Gladys',NULL,'Horton','m','11-28-1983');
insert into fall22_s004_10_person values(2140,'Whitney',NULL,'Houston','m','01-02-1965');
insert into fall22_s004_10_person values(2141,'Howlin?',NULL,'Wolf','m','03-05-1971');
insert into fall22_s004_10_person values(2142,'Jennifer',NULL,'Hudson','f','07-28-1976');
insert into fall22_s004_10_person values(2143,'Glenn',NULL,'Hughes','m','09-22-1953');
insert into fall22_s004_10_person values(2144,'Alberta',NULL,'Hunter','m','04-11-1979');
insert into fall22_s004_10_person values(2145,'Mississippi','Hurt','John','f','01-08-1964');
insert into fall22_s004_10_person values(2146,'Ferlin',NULL,'Husky','m','06-12-1955');
insert into fall22_s004_10_person values(2147,'Betty',NULL,'Hutton','m','03-23-1958');
insert into fall22_s004_10_person values(2148,'Lux',NULL,'Interior','m','04-17-1960');
insert into fall22_s004_10_person values(2149,'Burl',NULL,'Ives','f','04-23-1952');
insert into fall22_s004_10_person values(2150,'Alan',NULL,'Jackson','m','09-12-1957');
insert into fall22_s004_10_person values(2151,'Janet',NULL,'Jackson','m','05-11-1983');
insert into fall22_s004_10_person values(2152,'Mahalia',NULL,'Jackson','f','09-23-1982');
insert into fall22_s004_10_person values(2153,'Michael',NULL,'Jackson','m','08-15-1954');
insert into fall22_s004_10_person values(2154,'Wanda',NULL,'Jackson','m','06-02-1950');
insert into fall22_s004_10_person values(2155,'Elmore',NULL,'James','m','06-27-1987');
insert into fall22_s004_10_person values(2156,'Etta',NULL,'James','f','02-16-1971');
insert into fall22_s004_10_person values(2157,'Rick',NULL,'James','m','05-18-1981');
insert into fall22_s004_10_person values(2158,'Jay',NULL,'Z','m','06-02-1952');
insert into fall22_s004_10_person values(2159,'Blind','Jefferson','Lemon','f','11-10-1953');
insert into fall22_s004_10_person values(2160,'Waylon',NULL,'Jennings','m','08-29-1950');
insert into fall22_s004_10_person values(2170,'Harshal',NULL,'Bhope','m','11-10-1998');

-- person_phone
insert into fall22_s004_10_person_phone values(2001,8006819202);
insert into fall22_s004_10_person_phone values(2002,9819070428);
insert into fall22_s004_10_person_phone values(2003,9862347478);
insert into fall22_s004_10_person_phone values(2004,8593434572);
insert into fall22_s004_10_person_phone values(2005,9971715598);
insert into fall22_s004_10_person_phone values(2006,8750864573);
insert into fall22_s004_10_person_phone values(2007,9308125310);
insert into fall22_s004_10_person_phone values(2008,9104849152);
insert into fall22_s004_10_person_phone values(2009,8926967321);
insert into fall22_s004_10_person_phone values(2010,9068702384);
insert into fall22_s004_10_person_phone values(2011,9623323214);
insert into fall22_s004_10_person_phone values(2012,8294448108);
insert into fall22_s004_10_person_phone values(2013,8439167996);
insert into fall22_s004_10_person_phone values(2014,3255890202);
insert into fall22_s004_10_person_phone values(2015,9875831535);
insert into fall22_s004_10_person_phone values(2016,9852487946);
insert into fall22_s004_10_person_phone values(2017,5861794500);
insert into fall22_s004_10_person_phone values(2018,7957342959);
insert into fall22_s004_10_person_phone values(2019,8611110516);
insert into fall22_s004_10_person_phone values(2020,6538494510);
insert into fall22_s004_10_person_phone values(2021,6336932220);
insert into fall22_s004_10_person_phone values(2022,6298555963);
insert into fall22_s004_10_person_phone values(2023,9027704979);
insert into fall22_s004_10_person_phone values(2024,1524552003);
insert into fall22_s004_10_person_phone values(2025,8714705589);
insert into fall22_s004_10_person_phone values(2026,9448784721);
insert into fall22_s004_10_person_phone values(2027,9349873495);
insert into fall22_s004_10_person_phone values(2028,9511798245);
insert into fall22_s004_10_person_phone values(2029,8997096524);
insert into fall22_s004_10_person_phone values(2030,9950242014);
insert into fall22_s004_10_person_phone values(2031,5592133179);
insert into fall22_s004_10_person_phone values(2032,9268462314);
insert into fall22_s004_10_person_phone values(2033,9062077121);
insert into fall22_s004_10_person_phone values(2034,9858823083);
insert into fall22_s004_10_person_phone values(2035,7525830762);
insert into fall22_s004_10_person_phone values(2036,7980995034);
insert into fall22_s004_10_person_phone values(2037,6361710579);
insert into fall22_s004_10_person_phone values(2038,8616835222);
insert into fall22_s004_10_person_phone values(2039,2444440626);
insert into fall22_s004_10_person_phone values(2040,4210206786);
insert into fall22_s004_10_person_phone values(2041,5966903484);
insert into fall22_s004_10_person_phone values(2042,7758475035);
insert into fall22_s004_10_person_phone values(2043,9195758628);
insert into fall22_s004_10_person_phone values(2044,8125905303);
insert into fall22_s004_10_person_phone values(2045,8816143950);
insert into fall22_s004_10_person_phone values(2046,9233359173);
insert into fall22_s004_10_person_phone values(2047,9329046074);
insert into fall22_s004_10_person_phone values(2048,9081223200);
insert into fall22_s004_10_person_phone values(2049,6233562198);
insert into fall22_s004_10_person_phone values(2050,3474238338);
insert into fall22_s004_10_person_phone values(2051,5491306836);
insert into fall22_s004_10_person_phone values(2052,7131764925);
insert into fall22_s004_10_person_phone values(2053,4395908358);
insert into fall22_s004_10_person_phone values(2054,5332095171);
insert into fall22_s004_10_person_phone values(2055,5399270550);
insert into fall22_s004_10_person_phone values(2056,9804905622);
insert into fall22_s004_10_person_phone values(2057,4448552985);
insert into fall22_s004_10_person_phone values(2058,5655143466);
insert into fall22_s004_10_person_phone values(2059,6812278110);
insert into fall22_s004_10_person_phone values(2060,3281011047);
insert into fall22_s004_10_person_phone values(2061,9397371923);
insert into fall22_s004_10_person_phone values(2062,8597822670);
insert into fall22_s004_10_person_phone values(2063,1936159497);
insert into fall22_s004_10_person_phone values(2064,8161052778);
insert into fall22_s004_10_person_phone values(2065,9736383357);
insert into fall22_s004_10_person_phone values(2066,9711692460);
insert into fall22_s004_10_person_phone values(2067,4599315198);
insert into fall22_s004_10_person_phone values(2068,7164026613);
insert into fall22_s004_10_person_phone values(2069,8010264753);
insert into fall22_s004_10_person_phone values(2070,7492214376);
insert into fall22_s004_10_person_phone values(2071,1359605277);
insert into fall22_s004_10_person_phone values(2072,9422790462);
insert into fall22_s004_10_person_phone values(2073,3156386886);
insert into fall22_s004_10_person_phone values(2074,6333716466);
insert into fall22_s004_10_person_phone values(2075,9424276461);
insert into fall22_s004_10_person_phone values(2076,2528371926);
insert into fall22_s004_10_person_phone values(2077,5522753358);
insert into fall22_s004_10_person_phone values(2078,2779414884);
insert into fall22_s004_10_person_phone values(2079,3895044975);
insert into fall22_s004_10_person_phone values(2080,1110497526);
insert into fall22_s004_10_person_phone values(2081,7916251527);
insert into fall22_s004_10_person_phone values(2082,2544183549);
insert into fall22_s004_10_person_phone values(2083,8386579413);
insert into fall22_s004_10_person_phone values(2084,9536039251);
insert into fall22_s004_10_person_phone values(2085,5899868352);
insert into fall22_s004_10_person_phone values(2086,4034833812);
insert into fall22_s004_10_person_phone values(2087,9509020595);
insert into fall22_s004_10_person_phone values(2088,8257268097);
insert into fall22_s004_10_person_phone values(2089,8828040891);
insert into fall22_s004_10_person_phone values(2090,9995986152);
insert into fall22_s004_10_person_phone values(2091,6053795550);
insert into fall22_s004_10_person_phone values(2092,9448254392);
insert into fall22_s004_10_person_phone values(2093,9786064650);
insert into fall22_s004_10_person_phone values(2094,6469186734);
insert into fall22_s004_10_person_phone values(2095,7976879037);
insert into fall22_s004_10_person_phone values(2096,6830440020);
insert into fall22_s004_10_person_phone values(2097,9682489646);
insert into fall22_s004_10_person_phone values(2098,8468741943);
insert into fall22_s004_10_person_phone values(2099,6434776800);
insert into fall22_s004_10_person_phone values(2100,8007365520);
insert into fall22_s004_10_person_phone values(2101,4232697354);
insert into fall22_s004_10_person_phone values(2102,3649813551);
insert into fall22_s004_10_person_phone values(2103,4195895292);
insert into fall22_s004_10_person_phone values(2104,8203721596);
insert into fall22_s004_10_person_phone values(2105,8467353360);
insert into fall22_s004_10_person_phone values(2106,8772637806);
insert into fall22_s004_10_person_phone values(2107,8723594709);
insert into fall22_s004_10_person_phone values(2108,4035341628);
insert into fall22_s004_10_person_phone values(2109,3701192004);
insert into fall22_s004_10_person_phone values(2110,3951304857);
insert into fall22_s004_10_person_phone values(2111,8107098440);
insert into fall22_s004_10_person_phone values(2112,6824448999);
insert into fall22_s004_10_person_phone values(2113,7605596115);
insert into fall22_s004_10_person_phone values(2114,8516348136);
insert into fall22_s004_10_person_phone values(2115,1802574990);
insert into fall22_s004_10_person_phone values(2116,4018418541);
insert into fall22_s004_10_person_phone values(2117,2142692937);
insert into fall22_s004_10_person_phone values(2118,2817471384);
insert into fall22_s004_10_person_phone values(2119,8839082925);
insert into fall22_s004_10_person_phone values(2120,7979091812);
insert into fall22_s004_10_person_phone values(2121,8339242663);
insert into fall22_s004_10_person_phone values(2122,8108942482);
insert into fall22_s004_10_person_phone values(2123,8890316792);
insert into fall22_s004_10_person_phone values(2124,6992067571);
insert into fall22_s004_10_person_phone values(2125,7306126605);
insert into fall22_s004_10_person_phone values(2126,6326691454);
insert into fall22_s004_10_person_phone values(2127,8543130063);
insert into fall22_s004_10_person_phone values(2128,8607674672);
insert into fall22_s004_10_person_phone values(2129,9586885307);
insert into fall22_s004_10_person_phone values(2130,9964931388);
insert into fall22_s004_10_person_phone values(2131,7357897842);
insert into fall22_s004_10_person_phone values(2132,9207540060);
insert into fall22_s004_10_person_phone values(2133,9165124522);
insert into fall22_s004_10_person_phone values(2134,7747681696);
insert into fall22_s004_10_person_phone values(2135,6274921907);
insert into fall22_s004_10_person_phone values(2136,7559756580);
insert into fall22_s004_10_person_phone values(2137,9605016207);
insert into fall22_s004_10_person_phone values(2138,9694302532);
insert into fall22_s004_10_person_phone values(2139,8340802983);
insert into fall22_s004_10_person_phone values(2140,8180075228);
insert into fall22_s004_10_person_phone values(2141,8377629249);
insert into fall22_s004_10_person_phone values(2142,9539755148);
insert into fall22_s004_10_person_phone values(2143,7452802641);
insert into fall22_s004_10_person_phone values(2144,9806625973);
insert into fall22_s004_10_person_phone values(2145,8742591548);
insert into fall22_s004_10_person_phone values(2146,6115132629);
insert into fall22_s004_10_person_phone values(2147,6222563496);
insert into fall22_s004_10_person_phone values(2148,8963876057);
insert into fall22_s004_10_person_phone values(2149,8446925746);
insert into fall22_s004_10_person_phone values(2150,6494246156);
insert into fall22_s004_10_person_phone values(2151,8379231362);
insert into fall22_s004_10_person_phone values(2152,7032939754);
insert into fall22_s004_10_person_phone values(2153,8850554669);
insert into fall22_s004_10_person_phone values(2154,6215960091);
insert into fall22_s004_10_person_phone values(2155,6042179222);
insert into fall22_s004_10_person_phone values(2156,8811760276);
insert into fall22_s004_10_person_phone values(2157,8560630436);
insert into fall22_s004_10_person_phone values(2158,9520874324);
insert into fall22_s004_10_person_phone values(2159,9228690447);
insert into fall22_s004_10_person_phone values(2160,9240090178);
insert into fall22_s004_10_person_phone values(2170,9876543210);

-- person_email
insert into fall22_s004_10_person_email values (2001,'Acuff@gmail.com');
insert into fall22_s004_10_person_email values (2002,'Roy.Adams08@gmail.com');
insert into fall22_s004_10_person_email values (2003,'Edie.Aguilera90@gmail.com');
insert into fall22_s004_10_person_email values (2004,'Christina.Allen@gmail.com');
insert into fall22_s004_10_person_email values (2005,'BettyAllison97@yahoo.com');
insert into fall22_s004_10_person_email values (2006,'Luther.Amara@gmail.com');
insert into fall22_s004_10_person_email values (2007,'Lucine.Anderson@hotmail.com');
insert into fall22_s004_10_person_email values (2008,'Carl.@gmail.com');
insert into fall22_s004_10_person_email values (2009,'Marian.Andrews12@gmail.com');
insert into fall22_s004_10_person_email values (2010,'LaVerneAndrews@gmail.co');
insert into fall22_s004_10_person_email values (2011,'Maxene.Andrews@yahoo.com');
insert into fall22_s004_10_person_email values (2012,'Patty.Anka@gmail.com');
insert into fall22_s004_10_person_email values (2013,'Paul.Anthony@gmail.com');
insert into fall22_s004_10_person_email values (2014,'Charles.Armstrong90@gmail.com');
insert into fall22_s004_10_person_email values (2015,'Louis.Arnold67@gmail.com');
insert into fall22_s004_10_person_email values (2016,'Eddy.Ashford@gmail.com');
insert into fall22_s004_10_person_email values (2017,'Nick.Autry87@gmail.com');
insert into fall22_s004_10_person_email values (2018,'Gene.Avalon@gmail.com');
insert into fall22_s004_10_person_email values (2019,'Frankie.Wayne@gmail.com');
insert into fall22_s004_10_person_email values (2020,'Hoyt.Badu5@gmail.com');
insert into fall22_s004_10_person_email values (2021,'Erykah.Baez@gmail.com');
insert into fall22_s004_10_person_email values (2022,'Joan.Bailey@gmail.com');
insert into fall22_s004_10_person_email values (2023,'Mildred.Baker@gmail.com');
insert into fall22_s004_10_person_email values (2024,'Anita43Baker@gmail.com');
insert into fall22_s004_10_person_email values (2025,'Chet.Baker@gmail.com');
insert into fall22_s004_10_person_email values (2026,'Josephine.Baker@gmail.com');
insert into fall22_s004_10_person_email values (2027,'LaVern.Ballard@yahoo.com');
insert into fall22_s004_10_person_email values (2028,'Hank.Banhart@gmail.com');
insert into fall22_s004_10_person_email values (2029,'Devendra.Barber34@gmail.com');
insert into fall22_s004_10_person_email values (2030,'Patricia.Edwin@gmail.com');
insert into fall22_s004_10_person_email values (2031,'Ross.Dupont@gmail.com');
insert into fall22_s004_10_person_email values (2032,'Louisa.Battle@gmail.com');
insert into fall22_s004_10_person_email values (2033,'Kathleen.Bayes@yahoo.com');
insert into fall22_s004_10_person_email values (2034,'Nora.@gmail.com');
insert into fall22_s004_10_person_email values (2035,'Beck.Belafonte98@gmail.com');
insert into fall22_s004_10_person_email values (2036,'Harry.Beneke12@gmail.com');
insert into fall22_s004_10_person_email values (2037,'Tex.Bennett@gmail.com');
insert into fall22_s004_10_person_email values (2038,'Estelle.Bennett@gmail.com');
insert into fall22_s004_10_person_email values (2039,'Tony.Benson90@gmail.com');
insert into fall22_s004_10_person_email values (2040,'Obie.Berberian15@gmail.com');
insert into fall22_s004_10_person_email values (2041,'Ara.Berry@yahoo.com');
insert into fall22_s004_10_person_email values (2042,'Chuck.Berry67@gmail.com');
insert into fall22_s004_10_person_email values (2043,'Jan.@gmail.com');
insert into fall22_s004_10_person_email values (2044,'BeyoncéBird77@gmail.com');
insert into fall22_s004_10_person_email values (2045,'Andrew.Blackwell@gmail.com');
insert into fall22_s004_10_person_email values (2046,'Otis.Blackwood@gmail.com');
insert into fall22_s004_10_person_email values (2047,'James.(?Blue?)@gmail.com');
insert into fall22_s004_10_person_email values (2048,'Bobby.J.@gmail.com');
insert into fall22_s004_10_person_email values (2049,'Mary.Bono@gmail.com');
insert into fall22_s004_10_person_email values (2050,'Sonny.Boone@yahoo.com');
insert into fall22_s004_10_person_email values (2051,'Pat.Boswell07@gmail.com');
insert into fall22_s004_10_person_email values (2052,'The.Willie@gmail.com');
insert into fall22_s004_10_person_email values (2053,'Boxcar.Branigan@yahoo.com');
insert into fall22_s004_10_person_email values (2054,'Laura.Brice@gmail.com');
insert into fall22_s004_10_person_email values (2055,'Fanny.Brooks65@gmail.com');
insert into fall22_s004_10_person_email values (2056,'Garth.Eric@gmail.com');
insert into fall22_s004_10_person_email values (2057,'Leon98Bill@yahoo.com');
insert into fall22_s004_10_person_email values (2058,'Big.Wiggins@yahoo.com');
insert into fall22_s004_10_person_email values (2059,'Anne.Brown12@gmail.com');
insert into fall22_s004_10_person_email values (2060,'Charles.Brown@gmail.com');
insert into fall22_s004_10_person_email values (2061,'Chris.Brown@gmail.com');
insert into fall22_s004_10_person_email values (2062,'Gatemouth.Brown@gmail.com');
insert into fall22_s004_10_person_email values (2063,'James.Brown@gmail.com');
insert into fall22_s004_10_person_email values (2064,'Ruth.Browne@gmail.com');
insert into fall22_s004_10_person_email values (2065,'Jackson.Buckley64@yahoo.com');
insert into fall22_s004_10_person_email values (2066,'Jeff.Burke@gmail.com');
insert into fall22_s004_10_person_email values (2067,'Solomon.Thacker@gmail.com');
insert into fall22_s004_10_person_email values (2068,'HarryCale12@yahoo.com');
insert into fall22_s004_10_person_email values (2069,'J.J..Callas@gmail.com');
insert into fall22_s004_10_person_email values (2070,'Maria.Calloway@gmail.com');
insert into fall22_s004_10_person_email values (2071,'Cab.Beefheart10@gmail.com');
insert into fall22_s004_10_person_email values (2072,'Captain.Carey@gmail.com');
insert into fall22_s004_10_person_email values (2073,'Mariah.Carlisle@gmail.com');
insert into fall22_s004_10_person_email values (2074,'Kitty.Carpenter@hotmail.com');
insert into fall22_s004_10_person_email values (2075,'Thelma.Carr@gmail.com');
insert into fall22_s004_10_person_email values (2076,'James.Carr@gmail.com');
insert into fall22_s004_10_person_email values (2077,'Leroy.Carroll07@hotmail.com');
insert into fall22_s004_10_person_email values (2078,'Jim.Carter@gmail.com');
insert into fall22_s004_10_person_email values (2079,'Betty.Carter1@gmail.com');
insert into fall22_s004_10_person_email values (2080,'Helen.Carter@yahoo.com');
insert into fall22_s004_10_person_email values (2081,'Janette.E56@gmail.com');
insert into fall22_s004_10_person_email values (2082,'John.Carter@gmail.com');
insert into fall22_s004_10_person_email values (2083,'Maybelle.Carter@gmail.com');
insert into fall22_s004_10_person_email values (2084,'Nell.Louise@gmail.com');
insert into fall22_s004_10_person_email values (2085,'Annie.Cash@gmail.com');
insert into fall22_s004_10_person_email values (2086,'Johnny.Carter98@yahoo.com');
insert into fall22_s004_10_person_email values (2087,'June.Cash@gmail.com');
insert into fall22_s004_10_person_email values (2088,'Rosanne.Cassilly12@gmail.com');
insert into fall22_s004_10_person_email values (2089,'Richard.Channing@gmail.com');
insert into fall22_s004_10_person_email values (2090,'Carol.Chapin@gmail.com');
insert into fall22_s004_10_person_email values (2091,'Harry.Charles@gmail.com');
insert into fall22_s004_10_person_email values (2092,'Ray.Chavis@yahoo.com');
insert into fall22_s004_10_person_email values (2093,'Boozoo.Chenier@gmail.com');
insert into fall22_s004_10_person_email values (2094,'Clifton.@gmail.com');
insert into fall22_s004_10_person_email values (2095,'Cher.Chesney@yahoo.com');
insert into fall22_s004_10_person_email values (2096,'Kenny.Clarkson@gmail.com');
insert into fall22_s004_10_person_email values (2097,'Kelly.Cline@gmail.com');
insert into fall22_s004_10_person_email values (2098,'Maggie.Cline@gmail.com');
insert into fall22_s004_10_person_email values (2099,'Patsy.Clooney@gmail.com');
insert into fall22_s004_10_person_email values (2100,'Rosemary.Love@gmail.com');
insert into fall22_s004_10_person_email values (2101,'Dorothy.Cobain@gmail.com');
insert into fall22_s004_10_person_email values (2102,'Kurt.Cochran@yahoo.com');
insert into fall22_s004_10_person_email values (2103,'Eddie.Cochran@gmail.com');
insert into fall22_s004_10_person_email values (2104,'Hank.King@gmail.com');
insert into fall22_s004_10_person_email values (2105,'Nat.Cole@yahoo.com');
insert into fall22_s004_10_person_email values (2106,'Natalie.Coley@gmail.com');
insert into fall22_s004_10_person_email values (2107,'Doris.Collins@gmail.com');
insert into fall22_s004_10_person_email values (2108,'Judy.Como@gmail.com');
insert into fall22_s004_10_person_email values (2109,'Perry.Connick87@yahoo.com');
insert into fall22_s004_10_person_email values (2110,'Harry.Connor@gmail.com');
insert into fall22_s004_10_person_email values (2111,'Chris.Cooke@gmail.com');
insert into fall22_s004_10_person_email values (2112,'Sam.Clyde777@hotmail.com');
insert into fall22_s004_10_person_email values (2113,'Johnny.Cornell90@gmail.com');
insert into fall22_s004_10_person_email values (2114,'Don.Cowsill007@hotmail.com');
insert into fall22_s004_10_person_email values (2115,'William.Crosby@gmail.com');
insert into fall22_s004_10_person_email values (2116,'Bing.Big@yahoo.com');
insert into fall22_s004_10_person_email values (2117,'Arthur.Cruz@gmail.com');
insert into fall22_s004_10_person_email values (2118,'Celia.Cyrus@gmail.com');
insert into fall22_s004_10_person_email values (2119,'Miley.Dandridge9898@yahoo.com');
insert into fall22_s004_10_person_email values (2120,'Dale.Hawkins@gmail.com');
insert into fall22_s004_10_person_email values (2121,'Isaac.Hayes@gmail.com');
insert into fall22_s004_10_person_email values (2122,'Lee.Hazlewood@gmail.com');
insert into fall22_s004_10_person_email values (2123,'Levon.Helm@gmail.com');
insert into fall22_s004_10_person_email values (2124,'Woody.Herman@gmail.com');
insert into fall22_s004_10_person_email values (2125,'Albert.Hibbler@gmail.com');
insert into fall22_s004_10_person_email values (2126,'Hildegarde.@gmail.com');
insert into fall22_s004_10_person_email values (2127,'Faith.Hill@gmail.com');
insert into fall22_s004_10_person_email values (2128,'Lauryn.Hill@gmail.com');
insert into fall22_s004_10_person_email values (2129,'Jerome.Hines@gmail.com');
insert into fall22_s004_10_person_email values (2130,'Don.Ho@gmail.com');
insert into fall22_s004_10_person_email values (2131,'Geoffrey.Holder@gmail.com');
insert into fall22_s004_10_person_email values (2132,'Billie.Holiday@gmail.com');
insert into fall22_s004_10_person_email values (2133,'Buddy.Holly@gmail.com');
insert into fall22_s004_10_person_email values (2134,'Louise.Homer@gmail.com');
insert into fall22_s004_10_person_email values (2135,'John.Lee@gmail.com');
insert into fall22_s004_10_person_email values (2136,'Shirley.Horn@gmail.com');
insert into fall22_s004_10_person_email values (2137,'Lena.Horne@gmail.com');
insert into fall22_s004_10_person_email values (2138,'Marilyn.Horne@gmail.com');
insert into fall22_s004_10_person_email values (2139,'Gladys.Horton@gmail.com');
insert into fall22_s004_10_person_email values (2140,'Whitney.Houston@gmail.com');
insert into fall22_s004_10_person_email values (2141,'Howlin?.Wolf@gmail.com');
insert into fall22_s004_10_person_email values (2142,'Jennifer.Hudson@gmail.com');
insert into fall22_s004_10_person_email values (2143,'Glenn.Hughes@gmail.com');
insert into fall22_s004_10_person_email values (2144,'Alberta.Hunter@gmail.com');
insert into fall22_s004_10_person_email values (2145,'Mississippi.John@gmail.com');
insert into fall22_s004_10_person_email values (2146,'Ferlin.Husky@gmail.com');
insert into fall22_s004_10_person_email values (2147,'Betty.Hutton@gmail.com');
insert into fall22_s004_10_person_email values (2148,'Lux.Interior@gmail.com');
insert into fall22_s004_10_person_email values (2149,'Burl.Ives@gmail.com');
insert into fall22_s004_10_person_email values (2150,'Alan.Jackson@gmail.com');
insert into fall22_s004_10_person_email values (2151,'Janet.Jackson@gmail.com');
insert into fall22_s004_10_person_email values (2152,'Mahalia.Jackson@gmail.com');
insert into fall22_s004_10_person_email values (2153,'Michael.Jackson@gmail.com');
insert into fall22_s004_10_person_email values (2154,'Wanda.Jackson@gmail.com');
insert into fall22_s004_10_person_email values (2155,'Elmore.James@gmail.com');
insert into fall22_s004_10_person_email values (2156,'Etta.James@gmail.com');
insert into fall22_s004_10_person_email values (2157,'Rick.James@gmail.com');
insert into fall22_s004_10_person_email values (2158,'Jay.Z@gmail.com');
insert into fall22_s004_10_person_email values (2159,'Blind.Lemon@gmail.com');
insert into fall22_s004_10_person_email values (2160,'Waylon.Jennings@gmail.com');
insert into fall22_s004_10_person_email values (2066,'alternaterable07@yahoo.com');
insert into fall22_s004_10_person_email values (2084,'pune.agri98@gmail.com');
insert into fall22_s004_10_person_email values (2056,'thelionking52@gmail.com');
insert into fall22_s004_10_person_email values (2146,'houseofdragon87@gmail.com');
insert into fall22_s004_10_person_email values (2068,'mike.fred66@yahoo.com');
insert into fall22_s004_10_person_email values (2118,'thedeans19@gmail.com');
insert into fall22_s004_10_person_email values (2042,'timberbrook.house93@gmail.com');
insert into fall22_s004_10_person_email values (2104,'medowrunhousing11@gmail.com');
insert into fall22_s004_10_person_email values (2001,'utahousing007@yahoo.com');
insert into fall22_s004_10_person_email values (2151,'ameya.rane@gmail.com');
insert into fall22_s004_10_person_email values (2071,'narendra.shah98@gmail.com');
insert into fall22_s004_10_person_email values (2089,'chemberofsecret@gmail.com');
insert into fall22_s004_10_person_email values (2063,'harrypotter.10@yahoo.com');
insert into fall22_s004_10_person_email values (2092,'akshay.shah67@gmail.com');
insert into fall22_s004_10_person_email values (2007,'rajat.narvekar45@gmail.com');
insert into fall22_s004_10_person_email values (2153,'harshad.bhandwaldar11@yahoo.com');
insert into fall22_s004_10_person_email values (2030,'darshan.pable9@gmail.com');
insert into fall22_s004_10_person_email values (2132,'midcplantagro@gmail.com');
insert into fall22_s004_10_person_email values (2089,'agriculture.data100@gmail.com');
insert into fall22_s004_10_person_email values (2085,'utapolice.campus77@gmail.com');
insert into fall22_s004_10_person_email values (2170,'harshal@gmail.com');

-- customer
insert into fall22_s004_10_customer values (2001,30001,'aacuff90','MB366QOIN',2);
insert into fall22_s004_10_customer values (2002,30002,'radams','XB444SYEG',1);
insert into fall22_s004_10_customer values (2003,30003,'eaguiler','YK901ZKOY',2);
insert into fall22_s004_10_customer values (2004,30004,'callen555','ET367JDKE',3);
insert into fall22_s004_10_customer values (2005,30005,'ballison','MK445EDUE',2);
insert into fall22_s004_10_customer values (2006,30006,'lamara32','CH439OAQM',2);
insert into fall22_s004_10_customer values (2007,30007,'landerso','LG856EUDS',3);
insert into fall22_s004_10_customer values (2008,30008,'canderso12','SD136YEXP',1);
insert into fall22_s004_10_customer values (2009,30009,'mandrews','LQ160KEIF',3);
insert into fall22_s004_10_customer values (2010,30010,'landrews','MN245JNIX',3);
insert into fall22_s004_10_customer values (2011,30011,'mandrews4','EH871OOOO',2);
insert into fall22_s004_10_customer values (2012,30012,'panka','SH971YVPW',1);
insert into fall22_s004_10_customer values (2013,30013,'panthony','MX603DNCT',1);
insert into fall22_s004_10_customer values (2014,30014,'carmstro12','RR853RUOP',3);
insert into fall22_s004_10_customer values (2015,30015,'larnold90','DB669TZFX',1);
insert into fall22_s004_10_customer values (2016,30016,'eashford','CI664DPSJ',1);
insert into fall22_s004_10_customer values (2017,30017,'nautry45','OV659TEZO',2);
insert into fall22_s004_10_customer values (2018,30018,'gavalon89','EM114ZWBW',2);
insert into fall22_s004_10_customer values (2019,30019,'fwayne69','SV424KDQM',2);
insert into fall22_s004_10_customer values (2020,30020,'hbadu','ZW723RCMB',1);
insert into fall22_s004_10_customer values (2021,30021,'ebaez','RF522VKNW',3);
insert into fall22_s004_10_customer values (2022,30022,'jbailey32','VK625GMHH',2);
insert into fall22_s004_10_customer values (2023,30023,'mbaker','CS148OBTH',1);
insert into fall22_s004_10_customer values (2024,30024,'abaker007','YW475IIKN',2);
insert into fall22_s004_10_customer values (2025,30025,'cbaker','SE595LVOG',3);
insert into fall22_s004_10_customer values (2026,30026,'jbaker77','KN799NLJN',3);
insert into fall22_s004_10_customer values (2027,30027,'lballard','DM239WYJO',2);
insert into fall22_s004_10_customer values (2028,30028,'hbanhart006','GJ119DHVG',2);
insert into fall22_s004_10_customer values (2029,30029,'dbarber','WI750RGTP',2);
insert into fall22_s004_10_customer values (2030,30030,'pedwin','ZM300DDUH',2);
insert into fall22_s004_10_customer values (2031,30031,'rdupont55','MR649VFWB',3);
insert into fall22_s004_10_customer values (2032,30032,'lbattle','GV316HHXM',3);
insert into fall22_s004_10_customer values (2033,30033,'kbayes','QE977MXHL',1);
insert into fall22_s004_10_customer values (2034,30034,'noscar06','SW648QCBV',1);
insert into fall22_s004_10_customer values (2035,30035,'bbelafon89','MX472QVRG',2);
insert into fall22_s004_10_customer values (2036,30036,'hbeneke','TO661SYLX',1);
insert into fall22_s004_10_customer values (2037,30037,'tbennett','PO150OTMQ',1);
insert into fall22_s004_10_customer values (2038,30038,'ebennett100','NH614XRRM',3);
insert into fall22_s004_10_customer values (2039,30039,'tbenson','YP540PGAP',1);
insert into fall22_s004_10_customer values (2170,30040,'hbhope','QWERTYUI',2);

-- customer_genre_pref
insert into fall22_s004_10_customer_genre_pref values (30001,'Rap');
insert into fall22_s004_10_customer_genre_pref values (30002,'Hiphop');
insert into fall22_s004_10_customer_genre_pref values (30002,'Jazz');
insert into fall22_s004_10_customer_genre_pref values (30003,'Jazz');
insert into fall22_s004_10_customer_genre_pref values (30004,'RnB');
insert into fall22_s004_10_customer_genre_pref values (30004,'Rap');
insert into fall22_s004_10_customer_genre_pref values (30005,'Rap');
insert into fall22_s004_10_customer_genre_pref values (30005,'Jazz');
insert into fall22_s004_10_customer_genre_pref values (30007,'Rap');
insert into fall22_s004_10_customer_genre_pref values (30027,'RnB');
insert into fall22_s004_10_customer_genre_pref values (30021,'RnB');
insert into fall22_s004_10_customer_genre_pref values (30025,'Rap');
insert into fall22_s004_10_customer_genre_pref values (30006,'RnB');
insert into fall22_s004_10_customer_genre_pref values (30007,'Jazz');
insert into fall22_s004_10_customer_genre_pref values (30026,'RnB');
insert into fall22_s004_10_customer_genre_pref values (30008,'RnB');
insert into fall22_s004_10_customer_genre_pref values (30006,'Hiphop');
insert into fall22_s004_10_customer_genre_pref values (30012,'RnB');
insert into fall22_s004_10_customer_genre_pref values (30022,'RnB');
insert into fall22_s004_10_customer_genre_pref values (30019,'Hiphop');
insert into fall22_s004_10_customer_genre_pref values (30015,'Jazz');
insert into fall22_s004_10_customer_genre_pref values (30011,'Jazz');
insert into fall22_s004_10_customer_genre_pref values (30025,'Hiphop');
insert into fall22_s004_10_customer_genre_pref values (30005,'Hiphop');
insert into fall22_s004_10_customer_genre_pref values (30031,'Hiphop');
insert into fall22_s004_10_customer_genre_pref values (30031,'Rap');
insert into fall22_s004_10_customer_genre_pref values (30015,'Rap');
insert into fall22_s004_10_customer_genre_pref values (30039,'Rap');
insert into fall22_s004_10_customer_genre_pref values (30010,'Jazz');
insert into fall22_s004_10_customer_genre_pref values (30023,'Hiphop');
insert into fall22_s004_10_customer_genre_pref values (30018,'Hiphop');
insert into fall22_s004_10_customer_genre_pref values (30020,'Rap');
insert into fall22_s004_10_customer_genre_pref values (30023,'RnB');
insert into fall22_s004_10_customer_genre_pref values (30012,'Jazz');
insert into fall22_s004_10_customer_genre_pref values (30012,'Hiphop');
insert into fall22_s004_10_customer_genre_pref values (30015,'Hiphop');
insert into fall22_s004_10_customer_genre_pref values (30038,'Rap');
insert into fall22_s004_10_customer_genre_pref values (30001,'Jazz');
insert into fall22_s004_10_customer_genre_pref values (30010,'Rap');
insert into fall22_s004_10_customer_genre_pref values (30021,'Hiphop');
insert into fall22_s004_10_customer_genre_pref values (30024,'Jazz');
insert into fall22_s004_10_customer_genre_pref values (30037,'Rap');
insert into fall22_s004_10_customer_genre_pref values (30018,'Rap');
insert into fall22_s004_10_customer_genre_pref values (30022,'Hiphop');
insert into fall22_s004_10_customer_genre_pref values (30011,'RnB');
insert into fall22_s004_10_customer_genre_pref values (30002,'RnB');
insert into fall22_s004_10_customer_genre_pref values (30009,'RnB');
insert into fall22_s004_10_customer_genre_pref values (30035,'Jazz');
insert into fall22_s004_10_customer_genre_pref values (30019,'Rap');
insert into fall22_s004_10_customer_genre_pref values (30030,'RnB');
insert into fall22_s004_10_customer_genre_pref values (30027,'Hiphop');
insert into fall22_s004_10_customer_genre_pref values (30038,'Jazz');
insert into fall22_s004_10_customer_genre_pref values (30029,'Jazz');
insert into fall22_s004_10_customer_genre_pref values (30024,'Rap');
insert into fall22_s004_10_customer_genre_pref values (30006,'Rap');
insert into fall22_s004_10_customer_genre_pref values (30032,'Jazz');
insert into fall22_s004_10_customer_genre_pref values (30022,'Rap');
insert into fall22_s004_10_customer_genre_pref values (30037,'Hiphop');
insert into fall22_s004_10_customer_genre_pref values (30037,'Jazz');
insert into fall22_s004_10_customer_genre_pref values (30005,'RnB');
insert into fall22_s004_10_customer_genre_pref values (30036,'RnB');
insert into fall22_s004_10_customer_genre_pref values (30016,'Rap');
insert into fall22_s004_10_customer_genre_pref values (30030,'Rap');

-- producers
insert into fall22_s004_10_producers values (2040,50001);
insert into fall22_s004_10_producers values (2041,50002);
insert into fall22_s004_10_producers values (2042,50003);
insert into fall22_s004_10_producers values (2043,50004);
insert into fall22_s004_10_producers values (2044,50005);
insert into fall22_s004_10_producers values (2045,50006);
insert into fall22_s004_10_producers values (2046,50007);
insert into fall22_s004_10_producers values (2047,50008);
insert into fall22_s004_10_producers values (2048,50009);
insert into fall22_s004_10_producers values (2049,50010);
insert into fall22_s004_10_producers values (2050,50011);
insert into fall22_s004_10_producers values (2051,50012);
insert into fall22_s004_10_producers values (2052,50013);
insert into fall22_s004_10_producers values (2053,50014);
insert into fall22_s004_10_producers values (2054,50015);
insert into fall22_s004_10_producers values (2055,50016);
insert into fall22_s004_10_producers values (2056,50017);
insert into fall22_s004_10_producers values (2057,50018);
insert into fall22_s004_10_producers values (2058,50019);
insert into fall22_s004_10_producers values (2059,50020);
insert into fall22_s004_10_producers values (2060,50021);
insert into fall22_s004_10_producers values (2061,50022);
insert into fall22_s004_10_producers values (2062,50023);
insert into fall22_s004_10_producers values (2063,50024);
insert into fall22_s004_10_producers values (2064,50025);
insert into fall22_s004_10_producers values (2065,50026);
insert into fall22_s004_10_producers values (2066,50027);
insert into fall22_s004_10_producers values (2067,50028);
insert into fall22_s004_10_producers values (2068,50029);
insert into fall22_s004_10_producers values (2069,50030);
insert into fall22_s004_10_producers values (2070,50031);
insert into fall22_s004_10_producers values (2071,50032);
insert into fall22_s004_10_producers values (2072,50033);
insert into fall22_s004_10_producers values (2073,50034);
insert into fall22_s004_10_producers values (2074,50035);
insert into fall22_s004_10_producers values (2075,50036);
insert into fall22_s004_10_producers values (2076,50037);
insert into fall22_s004_10_producers values (2077,50038);
insert into fall22_s004_10_producers values (2078,50039);

-- artist
insert into fall22_s004_10_artist values (2079,600079,3);
insert into fall22_s004_10_artist values (2080,600080,1);
insert into fall22_s004_10_artist values (2081,600081,1);
insert into fall22_s004_10_artist values (2082,600082,2);
insert into fall22_s004_10_artist values (2083,600083,3);
insert into fall22_s004_10_artist values (2084,600084,2);
insert into fall22_s004_10_artist values (2085,600085,3);
insert into fall22_s004_10_artist values (2086,600086,3);
insert into fall22_s004_10_artist values (2087,600087,1);
insert into fall22_s004_10_artist values (2088,600088,3);
insert into fall22_s004_10_artist values (2089,600089,1);
insert into fall22_s004_10_artist values (2090,600090,2);
insert into fall22_s004_10_artist values (2091,600091,1);
insert into fall22_s004_10_artist values (2092,600092,1);
insert into fall22_s004_10_artist values (2093,600093,3);
insert into fall22_s004_10_artist values (2094,600094,2);
insert into fall22_s004_10_artist values (2095,600095,3);
insert into fall22_s004_10_artist values (2096,600096,3);
insert into fall22_s004_10_artist values (2097,600097,1);
insert into fall22_s004_10_artist values (2098,600098,3);
insert into fall22_s004_10_artist values (2099,600099,3);
insert into fall22_s004_10_artist values (2100,600100,2);
insert into fall22_s004_10_artist values (2101,600101,3);
insert into fall22_s004_10_artist values (2102,600102,1);
insert into fall22_s004_10_artist values (2103,600103,3);
insert into fall22_s004_10_artist values (2104,600104,1);
insert into fall22_s004_10_artist values (2105,600105,3);
insert into fall22_s004_10_artist values (2106,600106,2);
insert into fall22_s004_10_artist values (2107,600107,2);
insert into fall22_s004_10_artist values (2108,600108,1);
insert into fall22_s004_10_artist values (2109,600109,1);
insert into fall22_s004_10_artist values (2110,600110,1);
insert into fall22_s004_10_artist values (2111,600111,1);
insert into fall22_s004_10_artist values (2112,600112,2);
insert into fall22_s004_10_artist values (2113,600113,2);
insert into fall22_s004_10_artist values (2114,600114,1);
insert into fall22_s004_10_artist values (2115,600115,3);
insert into fall22_s004_10_artist values (2116,600116,1);
insert into fall22_s004_10_artist values (2117,600117,2);
insert into fall22_s004_10_artist values (2118,600118,3);
insert into fall22_s004_10_artist values (2119,600119,2);
insert into fall22_s004_10_artist values (2120,600120,2);
insert into fall22_s004_10_artist values (2121,600121,1);
insert into fall22_s004_10_artist values (2122,600122,2);
insert into fall22_s004_10_artist values (2123,600123,2);
insert into fall22_s004_10_artist values (2124,600124,1);
insert into fall22_s004_10_artist values (2125,600125,3);
insert into fall22_s004_10_artist values (2126,600126,2);
insert into fall22_s004_10_artist values (2127,600127,3);
insert into fall22_s004_10_artist values (2128,600128,1);
insert into fall22_s004_10_artist values (2129,600129,2);
insert into fall22_s004_10_artist values (2130,600130,3);
insert into fall22_s004_10_artist values (2131,600131,1);
insert into fall22_s004_10_artist values (2132,600132,2);
insert into fall22_s004_10_artist values (2133,600133,3);
insert into fall22_s004_10_artist values (2134,600134,2);
insert into fall22_s004_10_artist values (2135,600135,2);
insert into fall22_s004_10_artist values (2136,600136,2);
insert into fall22_s004_10_artist values (2137,600137,2);
insert into fall22_s004_10_artist values (2138,600138,3);
insert into fall22_s004_10_artist values (2139,600139,1);
insert into fall22_s004_10_artist values (2140,600140,2);
insert into fall22_s004_10_artist values (2141,600141,2);
insert into fall22_s004_10_artist values (2142,600142,2);
insert into fall22_s004_10_artist values (2143,600143,2);
insert into fall22_s004_10_artist values (2144,600144,1);
insert into fall22_s004_10_artist values (2145,600145,1);
insert into fall22_s004_10_artist values (2146,600146,3);
insert into fall22_s004_10_artist values (2147,600147,3);
insert into fall22_s004_10_artist values (2148,600148,3);
insert into fall22_s004_10_artist values (2149,600149,3);
insert into fall22_s004_10_artist values (2150,600150,1);
insert into fall22_s004_10_artist values (2151,600151,3);
insert into fall22_s004_10_artist values (2152,600152,2);
insert into fall22_s004_10_artist values (2153,600153,2);
insert into fall22_s004_10_artist values (2154,600154,1);
insert into fall22_s004_10_artist values (2155,600155,2);
insert into fall22_s004_10_artist values (2156,600156,2);
insert into fall22_s004_10_artist values (2157,600157,3);
insert into fall22_s004_10_artist values (2158,600158,2);
insert into fall22_s004_10_artist values (2159,600159,2);
insert into fall22_s004_10_artist values (2160,600160,3);

-- singer
insert into fall22_s004_10_singer values(600079,70001);
insert into fall22_s004_10_singer values(600080,70002);
insert into fall22_s004_10_singer values(600081,70003);
insert into fall22_s004_10_singer values(600082,70004);
insert into fall22_s004_10_singer values(600083,70005);
insert into fall22_s004_10_singer values(600084,70006);
insert into fall22_s004_10_singer values(600085,70007);
insert into fall22_s004_10_singer values(600086,70008);
insert into fall22_s004_10_singer values(600087,70009);
insert into fall22_s004_10_singer values(600088,70010);
insert into fall22_s004_10_singer values(600089,70011);
insert into fall22_s004_10_singer values(600090,70012);
insert into fall22_s004_10_singer values(600091,70013);
insert into fall22_s004_10_singer values(600092,70014);
insert into fall22_s004_10_singer values(600093,70015);
insert into fall22_s004_10_singer values(600094,70016);
insert into fall22_s004_10_singer values(600095,70017);
insert into fall22_s004_10_singer values(600096,70018);
insert into fall22_s004_10_singer values(600097,70019);
insert into fall22_s004_10_singer values(600098,70020);
insert into fall22_s004_10_singer values(600099,70021);
insert into fall22_s004_10_singer values(600100,70022);
insert into fall22_s004_10_singer values(600101,70023);
insert into fall22_s004_10_singer values(600102,70024);
insert into fall22_s004_10_singer values(600103,70025);
insert into fall22_s004_10_singer values(600104,70026);
insert into fall22_s004_10_singer values(600105,70027);
insert into fall22_s004_10_singer values(600106,70028);
insert into fall22_s004_10_singer values(600107,70029);
insert into fall22_s004_10_singer values(600108,70030);
insert into fall22_s004_10_singer values(600109,70031);
insert into fall22_s004_10_singer values(600110,70032);
insert into fall22_s004_10_singer values(600111,70033);
insert into fall22_s004_10_singer values(600112,70034);
insert into fall22_s004_10_singer values(600113,70035);
insert into fall22_s004_10_singer values(600114,70036);
insert into fall22_s004_10_singer values(600115,70037);
insert into fall22_s004_10_singer values(600116,70038);
insert into fall22_s004_10_singer values(600117,70039);
insert into fall22_s004_10_singer values(600118,70040);
insert into fall22_s004_10_singer values(600119,70041);
insert into fall22_s004_10_singer values(600120,70042);

-- composer
insert into fall22_s004_10_composer values(600121,900121);
insert into fall22_s004_10_composer values(600122,900122);
insert into fall22_s004_10_composer values(600123,900123);
insert into fall22_s004_10_composer values(600124,900124);
insert into fall22_s004_10_composer values(600125,900125);
insert into fall22_s004_10_composer values(600126,900126);
insert into fall22_s004_10_composer values(600127,900127);
insert into fall22_s004_10_composer values(600128,900128);
insert into fall22_s004_10_composer values(600129,900129);
insert into fall22_s004_10_composer values(600130,900130);
insert into fall22_s004_10_composer values(600131,900131);
insert into fall22_s004_10_composer values(600132,900132);
insert into fall22_s004_10_composer values(600133,900133);
insert into fall22_s004_10_composer values(600134,900134);
insert into fall22_s004_10_composer values(600135,900135);
insert into fall22_s004_10_composer values(600136,900136);
insert into fall22_s004_10_composer values(600137,900137);
insert into fall22_s004_10_composer values(600138,900138);
insert into fall22_s004_10_composer values(600139,900139);
insert into fall22_s004_10_composer values(600140,900140);
insert into fall22_s004_10_composer values(600141,900141);
insert into fall22_s004_10_composer values(600142,900142);
insert into fall22_s004_10_composer values(600143,900143);
insert into fall22_s004_10_composer values(600144,900144);
insert into fall22_s004_10_composer values(600145,900145);
insert into fall22_s004_10_composer values(600146,900146);
insert into fall22_s004_10_composer values(600147,900147);
insert into fall22_s004_10_composer values(600148,900148);
insert into fall22_s004_10_composer values(600149,900149);
insert into fall22_s004_10_composer values(600150,900150);
insert into fall22_s004_10_composer values(600151,900151);
insert into fall22_s004_10_composer values(600152,900152);
insert into fall22_s004_10_composer values(600153,900153);
insert into fall22_s004_10_composer values(600154,900154);
insert into fall22_s004_10_composer values(600155,900155);
insert into fall22_s004_10_composer values(600156,900156);
insert into fall22_s004_10_composer values(600157,900157);
insert into fall22_s004_10_composer values(600158,900158);
insert into fall22_s004_10_composer values(600159,900159);
insert into fall22_s004_10_composer values(600160,900160);

-- buys_rents
insert into fall22_s004_10_buys_rents values(1055,30032,10,'R','debit','03-27-2010','02:41:53','Chase',1);
insert into fall22_s004_10_buys_rents values(1061,30015,11,'B','bankt','06-18-2010','14:04:40','Truist Bank',10);
insert into fall22_s004_10_buys_rents values(1037,30029,12,'R','bankt','07-02-2010','18:21:55','Bank of America',11);
insert into fall22_s004_10_buys_rents values(1036,30018,13,'R','debit','07-06-2010','04:05:48','Goldman Sachs',11);
insert into fall22_s004_10_buys_rents values(1051,30018,14,'B','debit','07-21-2010','17:42:34','PNC Bank',11);
insert into fall22_s004_10_buys_rents values(1024,30018,15,'B','bankt','08-25-2010','23:33:25','Chase',8);
insert into fall22_s004_10_buys_rents values(1055,30037,16,'B','debit','10-22-2010','13:59:52','Truist Bank',2);
insert into fall22_s004_10_buys_rents values(1029,30019,17,'B','credt','12-16-2010','13:31:35','Bank of America',3);
insert into fall22_s004_10_buys_rents values(1058,30025,18,'B','bankt','12-22-2010','22:25:16','Goldman Sachs',7);
insert into fall22_s004_10_buys_rents values(1070,30006,19,'R','debit','12-25-2010','08:16:12','PNC Bank',8);
insert into fall22_s004_10_buys_rents values(1019,30016,20,'R','credt','01-07-2011','01:05:30','Truist Bank',10);
insert into fall22_s004_10_buys_rents values(1031,30002,21,'R','debit','04-04-2011','11:13:03','Chase',8);
insert into fall22_s004_10_buys_rents values(1070,30031,22,'R','credt','06-02-2011','14:04:10','Truist Bank',6);
insert into fall22_s004_10_buys_rents values(1036,30006,23,'B','debit','08-06-2011','14:19:19','Bank of America',1);
insert into fall22_s004_10_buys_rents values(1004,30004,24,'B','debit','12-23-2011','10:36:51','Goldman Sachs',1);
insert into fall22_s004_10_buys_rents values(1063,30013,25,'B','credt','01-04-2012','12:44:20','Bank of America',7);
insert into fall22_s004_10_buys_rents values(1026,30036,26,'R','debit','01-21-2012','22:05:56','Citibank',8);
insert into fall22_s004_10_buys_rents values(1088,30018,27,'B','debit','03-30-2012','11:39:38','PNC Bank',5);
insert into fall22_s004_10_buys_rents values(1017,30031,28,'R','bankt','04-18-2012','13:15:46','Chase',11);
insert into fall22_s004_10_buys_rents values(1080,30025,29,'R','bankt','06-07-2012','23:54:03','Truist Bank',11);
insert into fall22_s004_10_buys_rents values(1021,30030,30,'B','debit','06-18-2012','15:49:53','Citibank',12);
insert into fall22_s004_10_buys_rents values(1065,30011,31,'B','credt','07-20-2012','10:33:16','PNC Bank',11);
insert into fall22_s004_10_buys_rents values(1051,30006,32,'B','debit','11-25-2012','08:25:33','Bank of America',1);
insert into fall22_s004_10_buys_rents values(1083,30007,33,'B','debit','11-27-2012','00:44:01','Citibank',7);
insert into fall22_s004_10_buys_rents values(1036,30037,34,'B','debit','11-29-2012','12:45:51','Truist Bank',8);
insert into fall22_s004_10_buys_rents values(1037,30019,35,'R','bankt','12-22-2012','08:22:05','Chase',8);
insert into fall22_s004_10_buys_rents values(1052,30028,36,'R','credt','01-22-2013','14:58:05','Citibank',7);
insert into fall22_s004_10_buys_rents values(1074,30014,37,'R','credt','02-01-2013','13:51:15','PNC Bank',5);
insert into fall22_s004_10_buys_rents values(1040,30009,38,'R','credt','03-21-2013','07:32:08','Bank of America',1);
insert into fall22_s004_10_buys_rents values(1047,30009,39,'B','bankt','04-13-2013','22:47:01','PNC Bank',2);
insert into fall22_s004_10_buys_rents values(1069,30001,40,'B','bankt','06-05-2013','10:40:27','Citibank',1);
insert into fall22_s004_10_buys_rents values(1015,30020,41,'B','credt','06-17-2013','18:38:31','Bank of America',10);
insert into fall22_s004_10_buys_rents values(1036,30023,42,'R','bankt','07-14-2013','16:46:11','PNC Bank',7);
insert into fall22_s004_10_buys_rents values(1058,30019,43,'B','credt','01-20-2014','02:44:55','Chase',9);
insert into fall22_s004_10_buys_rents values(1031,30029,44,'R','debit','02-13-2014','21:41:30','Citibank',12);
insert into fall22_s004_10_buys_rents values(1073,30032,45,'R','bankt','03-01-2014','07:56:42','Truist Bank',10);
insert into fall22_s004_10_buys_rents values(1072,30005,46,'B','bankt','03-12-2014','11:39:52','Bank of America',11);
insert into fall22_s004_10_buys_rents values(1004,30033,47,'B','credt','05-02-2014','16:45:51','PNC Bank',10);
insert into fall22_s004_10_buys_rents values(1068,30028,48,'B','bankt','05-22-2014','06:03:05','Citibank',5);
insert into fall22_s004_10_buys_rents values(1083,30026,49,'B','credt','06-30-2014','09:34:58','Bank of America',12);
insert into fall22_s004_10_buys_rents values(1015,30032,50,'R','credt','07-13-2014','17:21:06','Truist Bank',5);
insert into fall22_s004_10_buys_rents values(1070,30028,51,'R','bankt','08-05-2014','03:05:43','Citibank',11);
insert into fall22_s004_10_buys_rents values(1085,30030,52,'B','debit','08-10-2014','22:32:56','Citibank',9);
insert into fall22_s004_10_buys_rents values(1014,30023,53,'B','debit','09-02-2014','09:53:12','PNC Bank',5);
insert into fall22_s004_10_buys_rents values(1033,30006,54,'B','debit','09-07-2014','23:16:25','Bank of America',7);
insert into fall22_s004_10_buys_rents values(1044,30004,55,'B','debit','09-08-2014','13:13:58','PNC Bank',1);
insert into fall22_s004_10_buys_rents values(1031,30040,56,'B','debit','11-23-2014','17:09:25','Chase',2);
insert into fall22_s004_10_buys_rents values(1005,30015,57,'R','bankt','12-19-2014','16:51:45','Citibank',11);
insert into fall22_s004_10_buys_rents values(1019,30001,58,'R','credt','01-13-2015','12:32:56','Goldman Sachs',1);
insert into fall22_s004_10_buys_rents values(1088,30005,59,'R','credt','01-27-2015','03:50:52','Goldman Sachs',9);
insert into fall22_s004_10_buys_rents values(1058,30013,60,'R','debit','03-28-2015','07:56:23','Citibank',10);
insert into fall22_s004_10_buys_rents values(1050,30036,61,'B','bankt','04-04-2015','04:52:47','Truist Bank',2);
insert into fall22_s004_10_buys_rents values(1017,30024,62,'B','bankt','05-16-2015','11:30:19','Citibank',2);
insert into fall22_s004_10_buys_rents values(1045,30020,63,'B','credt','05-21-2015','19:58:36','Chase',7);
insert into fall22_s004_10_buys_rents values(1030,30026,64,'R','bankt','06-18-2015','02:07:21','Chase',1);
insert into fall22_s004_10_buys_rents values(1002,30016,65,'B','debit','08-16-2015','06:38:35','Truist Bank',10);
insert into fall22_s004_10_buys_rents values(1029,30038,66,'R','debit','08-19-2015','12:05:21','Bank of America',8);
insert into fall22_s004_10_buys_rents values(1054,30022,67,'R','bankt','08-25-2015','16:24:36','PNC Bank',7);
insert into fall22_s004_10_buys_rents values(1052,30021,68,'B','credt','04-10-2016','06:59:26','PNC Bank',10);
insert into fall22_s004_10_buys_rents values(1073,30012,69,'B','bankt','05-15-2016','01:03:09','Bank of America',9);
insert into fall22_s004_10_buys_rents values(1011,30037,70,'B','credt','05-17-2016','16:39:58','Chase',7);
insert into fall22_s004_10_buys_rents values(1007,30029,71,'R','debit','08-17-2016','20:38:49','Truist Bank',8);
insert into fall22_s004_10_buys_rents values(1063,30014,72,'B','credt','08-28-2016','08:42:04','PNC Bank',10);
insert into fall22_s004_10_buys_rents values(1060,30018,73,'B','bankt','11-20-2016','16:57:28','Citibank',8);
insert into fall22_s004_10_buys_rents values(1016,30024,74,'B','credt','12-22-2016','18:49:57','Truist Bank',1);
insert into fall22_s004_10_buys_rents values(1069,30009,75,'B','debit','02-27-2017','11:09:11','Truist Bank',12);
insert into fall22_s004_10_buys_rents values(1043,30033,76,'B','credt','07-02-2017','11:22:23','Chase',6);
insert into fall22_s004_10_buys_rents values(1026,30008,77,'R','debit','08-08-2017','18:04:54','PNC Bank',3);
insert into fall22_s004_10_buys_rents values(1037,30017,78,'R','bankt','09-04-2017','06:19:46','PNC Bank',9);
insert into fall22_s004_10_buys_rents values(1008,30039,79,'R','credt','09-05-2017','01:45:36','Bank of America',7);
insert into fall22_s004_10_buys_rents values(1024,30007,80,'R','bankt','09-14-2017','10:06:08','Bank of America',9);
insert into fall22_s004_10_buys_rents values(1038,30010,81,'B','bankt','10-23-2017','08:30:36','Bank of America',12);
insert into fall22_s004_10_buys_rents values(1001,30027,82,'B','debit','10-25-2017','17:44:44','Truist Bank',10);
insert into fall22_s004_10_buys_rents values(1036,30035,83,'B','credt','11-07-2017','10:50:42','Goldman Sachs',11);
insert into fall22_s004_10_buys_rents values(1003,30003,84,'R','bankt','01-11-2018','11:56:19','Bank of America',3);
insert into fall22_s004_10_buys_rents values(1032,30002,85,'B','bankt','03-20-2018','20:06:59','Bank of America',7);
insert into fall22_s004_10_buys_rents values(1048,30025,86,'R','debit','04-24-2018','10:07:04','PNC Bank',10);
insert into fall22_s004_10_buys_rents values(1013,30019,87,'R','debit','06-29-2018','21:32:05','Chase',3);
insert into fall22_s004_10_buys_rents values(1083,30011,88,'B','credt','10-01-2018','20:12:40','Bank of America',1);
insert into fall22_s004_10_buys_rents values(1047,30034,89,'B','debit','10-16-2018','20:40:43','Citibank',1);
insert into fall22_s004_10_buys_rents values(1068,30021,90,'B','credt','01-06-2019','17:35:06','Goldman Sachs',9);
insert into fall22_s004_10_buys_rents values(1055,30011,91,'B','bankt','01-23-2019','03:58:23','Chase',4);
insert into fall22_s004_10_buys_rents values(1023,30020,92,'R','debit','01-29-2019','21:53:07','Citibank',12);
insert into fall22_s004_10_buys_rents values(1079,30013,93,'B','debit','05-18-2019','20:00:40','PNC Bank',12);
insert into fall22_s004_10_buys_rents values(1006,30027,94,'R','debit','09-05-2019','14:51:59','Citibank',12);
insert into fall22_s004_10_buys_rents values(1051,30008,95,'R','debit','10-14-2019','05:59:47','Bank of America',9);
insert into fall22_s004_10_buys_rents values(1018,30040,96,'B','debit','10-17-2019','20:00:39','PNC Bank',6);
insert into fall22_s004_10_buys_rents values(1065,30014,97,'B','bankt','01-12-2020','11:43:03','Truist Bank',3);
insert into fall22_s004_10_buys_rents values(1074,30028,98,'B','credt','03-11-2020','05:53:29','Chase',9);
insert into fall22_s004_10_buys_rents values(1072,30016,99,'B','credt','03-21-2020','23:06:37','Bank of America',3);
insert into fall22_s004_10_buys_rents values(1084,30031,100,'B','debit','04-22-2020','11:32:22','Chase',9);
insert into fall22_s004_10_buys_rents values(1040,30035,101,'R','bankt','04-24-2020','19:33:41','Citibank',10);
insert into fall22_s004_10_buys_rents values(1022,30006,102,'R','bankt','05-19-2020','12:11:09','PNC Bank',6);
insert into fall22_s004_10_buys_rents values(1061,30030,103,'R','credt','07-22-2020','20:25:11','Citibank',7);
insert into fall22_s004_10_buys_rents values(1004,30034,104,'R','bankt','09-12-2020','18:46:30','Goldman Sachs',9);
insert into fall22_s004_10_buys_rents values(1042,30033,105,'B','debit','11-10-2020','09:53:11','Bank of America',7);
insert into fall22_s004_10_buys_rents values(1067,30017,106,'B','debit','01-06-2021','08:30:40','Truist Bank',3);
insert into fall22_s004_10_buys_rents values(1062,30026,107,'R','bankt','01-19-2021','03:01:59','Truist Bank',5);
insert into fall22_s004_10_buys_rents values(1077,30001,108,'R','credt','03-14-2021','00:00:29','PNC Bank',4);
insert into fall22_s004_10_buys_rents values(1057,30003,109,'B','bankt','04-16-2021','14:49:40','Citibank',5);
insert into fall22_s004_10_buys_rents values(1028,30023,110,'B','credt','09-01-2021','09:06:34','Citibank',10);
insert into fall22_s004_10_buys_rents values(1021,30018,111,'B','debit','11-05-2021','20:41:13','Bank of America',5);
insert into fall22_s004_10_buys_rents values(1080,30039,112,'B','credt','12-11-2021','03:35:24','Truist Bank',12);
insert into fall22_s004_10_buys_rents values(1076,30009,113,'R','bankt','12-13-2021','16:08:37','PNC Bank',10);

-- likes
insert into fall22_s004_10_likes values(1040,30038);
insert into fall22_s004_10_likes values(1083,30003);
insert into fall22_s004_10_likes values(1024,30004);
insert into fall22_s004_10_likes values(1040,30033);
insert into fall22_s004_10_likes values(1028,30031);
insert into fall22_s004_10_likes values(1065,30027);
insert into fall22_s004_10_likes values(1069,30022);
insert into fall22_s004_10_likes values(1021,30015);
insert into fall22_s004_10_likes values(1054,30002);
insert into fall22_s004_10_likes values(1036,30022);
insert into fall22_s004_10_likes values(1040,30034);
insert into fall22_s004_10_likes values(1088,30020);
insert into fall22_s004_10_likes values(1005,30004);
insert into fall22_s004_10_likes values(1089,30035);
insert into fall22_s004_10_likes values(1031,30023);
insert into fall22_s004_10_likes values(1090,30026);
insert into fall22_s004_10_likes values(1057,30035);
insert into fall22_s004_10_likes values(1037,30015);
insert into fall22_s004_10_likes values(1084,30022);
insert into fall22_s004_10_likes values(1024,30016);
insert into fall22_s004_10_likes values(1024,30009);
insert into fall22_s004_10_likes values(1004,30011);
insert into fall22_s004_10_likes values(1024,30001);
insert into fall22_s004_10_likes values(1022,30022);
insert into fall22_s004_10_likes values(1036,30027);
insert into fall22_s004_10_likes values(1018,30012);
insert into fall22_s004_10_likes values(1016,30027);
insert into fall22_s004_10_likes values(1074,30031);
insert into fall22_s004_10_likes values(1080,30025);
insert into fall22_s004_10_likes values(1062,30004);
insert into fall22_s004_10_likes values(1033,30037);
insert into fall22_s004_10_likes values(1080,30021);
insert into fall22_s004_10_likes values(1084,30006);
insert into fall22_s004_10_likes values(1003,30020);
insert into fall22_s004_10_likes values(1088,30012);
insert into fall22_s004_10_likes values(1013,30034);
insert into fall22_s004_10_likes values(1083,30004);
insert into fall22_s004_10_likes values(1063,30038);
insert into fall22_s004_10_likes values(1040,30015);
insert into fall22_s004_10_likes values(1060,30015);
insert into fall22_s004_10_likes values(1033,30025);
insert into fall22_s004_10_likes values(1021,30011);
insert into fall22_s004_10_likes values(1007,30029);
insert into fall22_s004_10_likes values(1031,30025);
insert into fall22_s004_10_likes values(1050,30009);
insert into fall22_s004_10_likes values(1045,30011);
insert into fall22_s004_10_likes values(1024,30002);
insert into fall22_s004_10_likes values(1068,30036);
insert into fall22_s004_10_likes values(1029,30033);
insert into fall22_s004_10_likes values(1011,30004);
insert into fall22_s004_10_likes values(1008,30005);
insert into fall22_s004_10_likes values(1072,30031);
insert into fall22_s004_10_likes values(1021,30016);
insert into fall22_s004_10_likes values(1022,30004);
insert into fall22_s004_10_likes values(1080,30008);
insert into fall22_s004_10_likes values(1011,30022);
insert into fall22_s004_10_likes values(1080,30003);
insert into fall22_s004_10_likes values(1072,30025);
insert into fall22_s004_10_likes values(1048,30015);
insert into fall22_s004_10_likes values(1067,30033);
insert into fall22_s004_10_likes values(1040,30014);
insert into fall22_s004_10_likes values(1070,30035);
insert into fall22_s004_10_likes values(1061,30037);
insert into fall22_s004_10_likes values(1073,30017);
insert into fall22_s004_10_likes values(1065,30017);
insert into fall22_s004_10_likes values(1030,30011);
insert into fall22_s004_10_likes values(1043,30009);
insert into fall22_s004_10_likes values(1006,30016);
insert into fall22_s004_10_likes values(1013,30010);
insert into fall22_s004_10_likes values(1050,30038);
insert into fall22_s004_10_likes values(1054,30006);
insert into fall22_s004_10_likes values(1055,30026);
insert into fall22_s004_10_likes values(1055,30036);
insert into fall22_s004_10_likes values(1083,30036);
insert into fall22_s004_10_likes values(1083,30039);
insert into fall22_s004_10_likes values(1036,30021);
insert into fall22_s004_10_likes values(1088,30003);
insert into fall22_s004_10_likes values(1085,30029);
insert into fall22_s004_10_likes values(1073,30034);
insert into fall22_s004_10_likes values(1038,30010);

-- requests
insert into fall22_s004_10_requests values(1009,30035,80001,'08-19-2011','19:30:00');
insert into fall22_s004_10_requests values(1010,30011,80002,'02-22-2012','23:30:00');
insert into fall22_s004_10_requests values(1012,30006,80003,'12-04-2016','17:45:00');
insert into fall22_s004_10_requests values(1020,30028,80004,'01-07-2014','15:30:00');
insert into fall22_s004_10_requests values(1009,30023,80005,'03-03-2019','19:00:00');
insert into fall22_s004_10_requests values(1027,30002,80006,'03-23-2018','16:15:00');
insert into fall22_s004_10_requests values(1034,30027,80007,'07-23-2016','17:45:00');
insert into fall22_s004_10_requests values(1039,30002,80008,'04-09-2021','07:00:00');
insert into fall22_s004_10_requests values(1081,30019,80009,'09-10-2015','10:30:00');
insert into fall22_s004_10_requests values(1046,30006,80010,'01-14-2018','16:30:00');
insert into fall22_s004_10_requests values(1035,30012,80011,'09-14-2013','10:00:00');
insert into fall22_s004_10_requests values(1049,30019,80012,'03-14-2016','14:00:00');
insert into fall22_s004_10_requests values(1081,30029,80013,'01-15-2021','04:15:00');
insert into fall22_s004_10_requests values(1035,30019,80014,'11-02-2014','21:00:00');
insert into fall22_s004_10_requests values(1009,30032,80015,'05-31-2017','04:45:00');
insert into fall22_s004_10_requests values(1064,30003,80016,'09-06-2014','07:15:00');
insert into fall22_s004_10_requests values(1049,30032,80017,'10-31-2019','08:00:00');
insert into fall22_s004_10_requests values(1098,30006,80018,'09-13-2016','21:45:00');
insert into fall22_s004_10_requests values(1046,30037,80019,'10-17-2012','23:30:00');
insert into fall22_s004_10_requests values(1078,30037,80020,'08-02-2021','22:30:00');
insert into fall22_s004_10_requests values(1081,30013,80021,'03-06-2012','06:45:00');
insert into fall22_s004_10_requests values(1046,30022,80022,'07-24-2016','06:00:00');
insert into fall22_s004_10_requests values(1086,30017,80023,'03-03-2019','05:45:00');
insert into fall22_s004_10_requests values(1049,30025,80024,'09-26-2011','07:30:00');
insert into fall22_s004_10_requests values(1081,30001,80025,'08-20-2016','01:30:00');
insert into fall22_s004_10_requests values(1046,30001,80026,'03-11-2013','14:30:00');
insert into fall22_s004_10_requests values(1046,30023,80027,'01-21-2017','09:45:00');
insert into fall22_s004_10_requests values(1046,30010,80028,'07-11-2020','00:45:00');
insert into fall22_s004_10_requests values(1046,30036,80029,'02-09-2012','08:15:00');
insert into fall22_s004_10_requests values(1096,30010,80030,'04-11-2018','21:00:00');
insert into fall22_s004_10_requests values(1097,30036,80031,'05-07-2011','05:00:00');
insert into fall22_s004_10_requests values(1098,30033,80032,'09-16-2021','08:30:00');
insert into fall22_s004_10_requests values(1049,30011,80033,'12-28-2019','17:15:00');
insert into fall22_s004_10_requests values(1012,30003,80034,'11-14-2020','10:45:00');
insert into fall22_s004_10_requests values(1012,30022,80035,'02-18-2015','16:30:00');
insert into fall22_s004_10_requests values(1012,30029,80036,'03-25-2015','05:30:00');
insert into fall22_s004_10_requests values(1103,30036,80037,'03-22-2020','19:45:00');
insert into fall22_s004_10_requests values(1049,30026,80038,'03-16-2019','05:30:00');
insert into fall22_s004_10_requests values(1049,30005,80039,'04-20-2019','03:00:00');
insert into fall22_s004_10_requests values(1049,30036,80040,'07-04-2012','02:00:00');
insert into fall22_s004_10_requests values(1081,30036,80041,'08-09-2020','07:12:45');
insert into fall22_s004_10_requests values(1081,30011,80042,'12-04-2016','01:30:00');
insert into fall22_s004_10_requests values(1081,30033,80043,'01-07-2014','14:30:00');
insert into fall22_s004_10_requests values(1081,30022,80044,'03-03-2019','09:45:00');
insert into fall22_s004_10_requests values(1081,30005,80045,'03-23-2018','00:45:00');
insert into fall22_s004_10_requests values(1081,30003,80046,'07-23-2016','08:15:00');
insert into fall22_s004_10_requests values(1081,30017,80047,'04-09-2021','21:00:00');
insert into fall22_s004_10_requests values(1081,30028,80048,'09-10-2015','05:00:00');

-- produces
insert into fall22_s004_10_produces values(1,50037);
insert into fall22_s004_10_produces values(2,50027);
insert into fall22_s004_10_produces values(3,50003);
insert into fall22_s004_10_produces values(4,50008);
insert into fall22_s004_10_produces values(5,50003);
insert into fall22_s004_10_produces values(6,50030);
insert into fall22_s004_10_produces values(7,50025);
insert into fall22_s004_10_produces values(8,50033);
insert into fall22_s004_10_produces values(9,50030);
insert into fall22_s004_10_produces values(10,50019);
insert into fall22_s004_10_produces values(11,50015);
insert into fall22_s004_10_produces values(12,50038);
insert into fall22_s004_10_produces values(13,50035);
insert into fall22_s004_10_produces values(14,50006);
insert into fall22_s004_10_produces values(15,50023);
insert into fall22_s004_10_produces values(16,50012);
insert into fall22_s004_10_produces values(17,50018);
insert into fall22_s004_10_produces values(18,50034);
insert into fall22_s004_10_produces values(19,50005);
insert into fall22_s004_10_produces values(20,50010);
insert into fall22_s004_10_produces values(21,50035);
insert into fall22_s004_10_produces values(22,50024);
insert into fall22_s004_10_produces values(23,50026);
insert into fall22_s004_10_produces values(24,50036);
insert into fall22_s004_10_produces values(25,50019);
insert into fall22_s004_10_produces values(26,50017);
insert into fall22_s004_10_produces values(27,50007);
insert into fall22_s004_10_produces values(28,50003);
insert into fall22_s004_10_produces values(29,50033);
insert into fall22_s004_10_produces values(30,50039);
insert into fall22_s004_10_produces values(31,50004);
insert into fall22_s004_10_produces values(32,50015);
insert into fall22_s004_10_produces values(33,50016);
insert into fall22_s004_10_produces values(34,50036);
insert into fall22_s004_10_produces values(35,50034);
insert into fall22_s004_10_produces values(36,50024);
insert into fall22_s004_10_produces values(37,50036);
insert into fall22_s004_10_produces values(38,50019);
insert into fall22_s004_10_produces values(39,50006);
insert into fall22_s004_10_produces values(40,50002);
insert into fall22_s004_10_produces values(41,50012);
insert into fall22_s004_10_produces values(42,50004);
insert into fall22_s004_10_produces values(43,50021);
insert into fall22_s004_10_produces values(44,50007);
insert into fall22_s004_10_produces values(45,50026);
insert into fall22_s004_10_produces values(46,50022);
insert into fall22_s004_10_produces values(47,50034);
insert into fall22_s004_10_produces values(48,50039);
insert into fall22_s004_10_produces values(49,50024);
insert into fall22_s004_10_produces values(50,50037);
insert into fall22_s004_10_produces values(51,50028);
insert into fall22_s004_10_produces values(52,50036);
insert into fall22_s004_10_produces values(53,50005);
insert into fall22_s004_10_produces values(54,50014);
insert into fall22_s004_10_produces values(55,50033);
insert into fall22_s004_10_produces values(56,50021);
insert into fall22_s004_10_produces values(57,50029);
insert into fall22_s004_10_produces values(58,50037);
insert into fall22_s004_10_produces values(59,50010);
insert into fall22_s004_10_produces values(60,50030);
insert into fall22_s004_10_produces values(61,50001);
insert into fall22_s004_10_produces values(62,50011);
insert into fall22_s004_10_produces values(63,50017);
insert into fall22_s004_10_produces values(64,50034);
insert into fall22_s004_10_produces values(65,50023);
insert into fall22_s004_10_produces values(66,50028);
insert into fall22_s004_10_produces values(67,50011);
insert into fall22_s004_10_produces values(68,50037);
insert into fall22_s004_10_produces values(69,50038);
insert into fall22_s004_10_produces values(70,50013);
insert into fall22_s004_10_produces values(71,50023);
insert into fall22_s004_10_produces values(72,50029);
insert into fall22_s004_10_produces values(73,50011);
insert into fall22_s004_10_produces values(74,50032);
insert into fall22_s004_10_produces values(75,50029);
insert into fall22_s004_10_produces values(76,50012);
insert into fall22_s004_10_produces values(77,50035);
insert into fall22_s004_10_produces values(78,50021);
insert into fall22_s004_10_produces values(79,50008);
insert into fall22_s004_10_produces values(80,50005);
insert into fall22_s004_10_produces values(81,50005);
insert into fall22_s004_10_produces values(82,50013);
insert into fall22_s004_10_produces values(83,50008);
insert into fall22_s004_10_produces values(84,50020);
insert into fall22_s004_10_produces values(85,50017);
insert into fall22_s004_10_produces values(86,50037);
insert into fall22_s004_10_produces values(87,50015);
insert into fall22_s004_10_produces values(88,50039);
insert into fall22_s004_10_produces values(89,50023);
insert into fall22_s004_10_produces values(90,50031);
insert into fall22_s004_10_produces values(91,50036);
insert into fall22_s004_10_produces values(92,50015);
insert into fall22_s004_10_produces values(93,50032);
insert into fall22_s004_10_produces values(94,50032);
insert into fall22_s004_10_produces values(95,50021);
insert into fall22_s004_10_produces values(96,50005);
insert into fall22_s004_10_produces values(97,50016);
insert into fall22_s004_10_produces values(98,50024);
insert into fall22_s004_10_produces values(99,50014);
insert into fall22_s004_10_produces values(100,50009);
insert into fall22_s004_10_produces values(101,50039);
insert into fall22_s004_10_produces values(102,50011);
insert into fall22_s004_10_produces values(103,50026);
insert into fall22_s004_10_produces values(104,50012);
insert into fall22_s004_10_produces values(105,50022);
insert into fall22_s004_10_produces values(106,50036);


-- follows
insert into fall22_s004_10_follows values(30001,600079);
insert into fall22_s004_10_follows values(30002,600080);
insert into fall22_s004_10_follows values(30003,600081);
insert into fall22_s004_10_follows values(30004,600082);
insert into fall22_s004_10_follows values(30005,600083);
insert into fall22_s004_10_follows values(30006,600084);
insert into fall22_s004_10_follows values(30007,600085);
insert into fall22_s004_10_follows values(30008,600086);
insert into fall22_s004_10_follows values(30009,600087);
insert into fall22_s004_10_follows values(30010,600087);
insert into fall22_s004_10_follows values(30011,600087);
insert into fall22_s004_10_follows values(30012,600090);
insert into fall22_s004_10_follows values(30013,600091);
insert into fall22_s004_10_follows values(30014,600092);
insert into fall22_s004_10_follows values(30015,600093);
insert into fall22_s004_10_follows values(30016,600094);
insert into fall22_s004_10_follows values(30017,600095);
insert into fall22_s004_10_follows values(30018,600096);
insert into fall22_s004_10_follows values(30019,600097);
insert into fall22_s004_10_follows values(30020,600098);
insert into fall22_s004_10_follows values(30021,600099);
insert into fall22_s004_10_follows values(30022,600100);
insert into fall22_s004_10_follows values(30023,600101);
insert into fall22_s004_10_follows values(30024,600102);
insert into fall22_s004_10_follows values(30025,600103);
insert into fall22_s004_10_follows values(30026,600079);
insert into fall22_s004_10_follows values(30027,600080);
insert into fall22_s004_10_follows values(30028,600081);
insert into fall22_s004_10_follows values(30029,600082);
insert into fall22_s004_10_follows values(30004,600095);
insert into fall22_s004_10_follows values(30005,600096);
insert into fall22_s004_10_follows values(30006,600097);
insert into fall22_s004_10_follows values(30007,600098);
insert into fall22_s004_10_follows values(30008,600099);
insert into fall22_s004_10_follows values(30009,600100);
insert into fall22_s004_10_follows values(30010,600088);
insert into fall22_s004_10_follows values(30011,600089);
insert into fall22_s004_10_follows values(30012,600089);

-- sings
insert into fall22_s004_10_sings values(1,70001);
insert into fall22_s004_10_sings values(2,70002);
insert into fall22_s004_10_sings values(3,70001);
insert into fall22_s004_10_sings values(4,70002);
insert into fall22_s004_10_sings values(5,70001);
insert into fall22_s004_10_sings values(6,70002);
insert into fall22_s004_10_sings values(7,70001);
insert into fall22_s004_10_sings values(8,70002);
insert into fall22_s004_10_sings values(9,70001);
insert into fall22_s004_10_sings values(10,70002);
insert into fall22_s004_10_sings values(11,70010);
insert into fall22_s004_10_sings values(12,70011);
insert into fall22_s004_10_sings values(13,70012);
insert into fall22_s004_10_sings values(14,70013);
insert into fall22_s004_10_sings values(15,70014);
insert into fall22_s004_10_sings values(16,70015);
insert into fall22_s004_10_sings values(17,70016);
insert into fall22_s004_10_sings values(18,70017);
insert into fall22_s004_10_sings values(19,70018);
insert into fall22_s004_10_sings values(20,70019);
insert into fall22_s004_10_sings values(21,70020);
insert into fall22_s004_10_sings values(22,70021);
insert into fall22_s004_10_sings values(23,70022);
insert into fall22_s004_10_sings values(24,70023);
insert into fall22_s004_10_sings values(25,70024);
insert into fall22_s004_10_sings values(26,70025);
insert into fall22_s004_10_sings values(27,70026);
insert into fall22_s004_10_sings values(28,70027);
insert into fall22_s004_10_sings values(29,70028);
insert into fall22_s004_10_sings values(30,70029);
insert into fall22_s004_10_sings values(31,70030);
insert into fall22_s004_10_sings values(32,70031);
insert into fall22_s004_10_sings values(33,70032);
insert into fall22_s004_10_sings values(34,70033);
insert into fall22_s004_10_sings values(35,70034);
insert into fall22_s004_10_sings values(36,70035);
insert into fall22_s004_10_sings values(37,70036);
insert into fall22_s004_10_sings values(38,70037);
insert into fall22_s004_10_sings values(39,70038);
insert into fall22_s004_10_sings values(40,70039);
insert into fall22_s004_10_sings values(41,70040);
insert into fall22_s004_10_sings values(42,70041);
insert into fall22_s004_10_sings values(43,70042);
insert into fall22_s004_10_sings values(44,70002);
insert into fall22_s004_10_sings values(45,70003);
insert into fall22_s004_10_sings values(46,70004);
insert into fall22_s004_10_sings values(47,70005);
insert into fall22_s004_10_sings values(48,70006);
insert into fall22_s004_10_sings values(49,70007);
insert into fall22_s004_10_sings values(50,70008);
insert into fall22_s004_10_sings values(51,70009);
insert into fall22_s004_10_sings values(52,70010);
insert into fall22_s004_10_sings values(53,70011);
insert into fall22_s004_10_sings values(54,70012);
insert into fall22_s004_10_sings values(55,70013);
insert into fall22_s004_10_sings values(56,70014);
insert into fall22_s004_10_sings values(57,70015);
insert into fall22_s004_10_sings values(58,70016);
insert into fall22_s004_10_sings values(59,70017);
insert into fall22_s004_10_sings values(60,70018);
insert into fall22_s004_10_sings values(61,70019);
insert into fall22_s004_10_sings values(62,70020);
insert into fall22_s004_10_sings values(63,70021);
insert into fall22_s004_10_sings values(64,70015);
insert into fall22_s004_10_sings values(65,70016);
insert into fall22_s004_10_sings values(66,70017);
insert into fall22_s004_10_sings values(67,70018);
insert into fall22_s004_10_sings values(68,70019);
insert into fall22_s004_10_sings values(69,70020);
insert into fall22_s004_10_sings values(70,70021);
insert into fall22_s004_10_sings values(71,70022);
insert into fall22_s004_10_sings values(72,70023);
insert into fall22_s004_10_sings values(73,70024);
insert into fall22_s004_10_sings values(74,70025);
insert into fall22_s004_10_sings values(75,70026);
insert into fall22_s004_10_sings values(76,70027);
insert into fall22_s004_10_sings values(77,70028);
insert into fall22_s004_10_sings values(78,70029);
insert into fall22_s004_10_sings values(79,70030);
insert into fall22_s004_10_sings values(80,70031);
insert into fall22_s004_10_sings values(81,70032);
insert into fall22_s004_10_sings values(82,70033);
insert into fall22_s004_10_sings values(83,70034);
insert into fall22_s004_10_sings values(84,70035);
insert into fall22_s004_10_sings values(85,70005);
insert into fall22_s004_10_sings values(86,70006);
insert into fall22_s004_10_sings values(87,70007);
insert into fall22_s004_10_sings values(88,70008);
insert into fall22_s004_10_sings values(89,70009);
insert into fall22_s004_10_sings values(90,70010);
insert into fall22_s004_10_sings values(91,70011);
insert into fall22_s004_10_sings values(92,70012);
insert into fall22_s004_10_sings values(93,70013);
insert into fall22_s004_10_sings values(94,70014);
insert into fall22_s004_10_sings values(95,70015);
insert into fall22_s004_10_sings values(96,70016);
insert into fall22_s004_10_sings values(97,70017);
insert into fall22_s004_10_sings values(98,70018);
insert into fall22_s004_10_sings values(99,70019);
insert into fall22_s004_10_sings values(100,70020);
insert into fall22_s004_10_sings values(101,70021);
insert into fall22_s004_10_sings values(102,70001);
insert into fall22_s004_10_sings values(103,70002);
insert into fall22_s004_10_sings values(104,70003);
insert into fall22_s004_10_sings values(105,70004);
insert into fall22_s004_10_sings values(106,70005);

-- composes
insert into fall22_s004_10_composes values(1,900127);
insert into fall22_s004_10_composes values(2,900123);
insert into fall22_s004_10_composes values(3,900137);
insert into fall22_s004_10_composes values(4,900149);
insert into fall22_s004_10_composes values(5,900132);
insert into fall22_s004_10_composes values(6,900131);
insert into fall22_s004_10_composes values(7,900151);
insert into fall22_s004_10_composes values(8,900156);
insert into fall22_s004_10_composes values(9,900136);
insert into fall22_s004_10_composes values(10,900143);
insert into fall22_s004_10_composes values(11,900147);
insert into fall22_s004_10_composes values(12,900138);
insert into fall22_s004_10_composes values(13,900122);
insert into fall22_s004_10_composes values(14,900146);
insert into fall22_s004_10_composes values(15,900134);
insert into fall22_s004_10_composes values(16,900130);
insert into fall22_s004_10_composes values(17,900150);
insert into fall22_s004_10_composes values(18,900147);
insert into fall22_s004_10_composes values(19,900149);
insert into fall22_s004_10_composes values(20,900142);
insert into fall22_s004_10_composes values(21,900147);
insert into fall22_s004_10_composes values(22,900155);
insert into fall22_s004_10_composes values(23,900156);
insert into fall22_s004_10_composes values(24,900148);
insert into fall22_s004_10_composes values(25,900156);
insert into fall22_s004_10_composes values(26,900149);
insert into fall22_s004_10_composes values(27,900153);
insert into fall22_s004_10_composes values(28,900151);
insert into fall22_s004_10_composes values(29,900129);
insert into fall22_s004_10_composes values(30,900158);
insert into fall22_s004_10_composes values(31,900144);
insert into fall22_s004_10_composes values(32,900145);
insert into fall22_s004_10_composes values(33,900158);
insert into fall22_s004_10_composes values(34,900146);
insert into fall22_s004_10_composes values(35,900157);
insert into fall22_s004_10_composes values(36,900125);
insert into fall22_s004_10_composes values(37,900131);
insert into fall22_s004_10_composes values(38,900129);
insert into fall22_s004_10_composes values(39,900146);
insert into fall22_s004_10_composes values(40,900140);
insert into fall22_s004_10_composes values(41,900130);
insert into fall22_s004_10_composes values(42,900154);
insert into fall22_s004_10_composes values(43,900142);
insert into fall22_s004_10_composes values(44,900131);
insert into fall22_s004_10_composes values(45,900128);
insert into fall22_s004_10_composes values(46,900122);
insert into fall22_s004_10_composes values(47,900133);
insert into fall22_s004_10_composes values(48,900156);
insert into fall22_s004_10_composes values(49,900125);
insert into fall22_s004_10_composes values(50,900142);
insert into fall22_s004_10_composes values(51,900145);
insert into fall22_s004_10_composes values(52,900151);
insert into fall22_s004_10_composes values(53,900149);
insert into fall22_s004_10_composes values(54,900133);
insert into fall22_s004_10_composes values(55,900132);
insert into fall22_s004_10_composes values(56,900134);
insert into fall22_s004_10_composes values(57,900141);
insert into fall22_s004_10_composes values(58,900128);
insert into fall22_s004_10_composes values(59,900122);
insert into fall22_s004_10_composes values(60,900124);
insert into fall22_s004_10_composes values(61,900129);
insert into fall22_s004_10_composes values(62,900160);
insert into fall22_s004_10_composes values(63,900159);
insert into fall22_s004_10_composes values(64,900141);
insert into fall22_s004_10_composes values(65,900149);
insert into fall22_s004_10_composes values(66,900149);
insert into fall22_s004_10_composes values(67,900135);
insert into fall22_s004_10_composes values(68,900154);
insert into fall22_s004_10_composes values(69,900130);
insert into fall22_s004_10_composes values(70,900159);
insert into fall22_s004_10_composes values(71,900151);
insert into fall22_s004_10_composes values(72,900121);
insert into fall22_s004_10_composes values(73,900131);
insert into fall22_s004_10_composes values(74,900152);
insert into fall22_s004_10_composes values(75,900146);
insert into fall22_s004_10_composes values(76,900138);
insert into fall22_s004_10_composes values(77,900149);
insert into fall22_s004_10_composes values(78,900147);
insert into fall22_s004_10_composes values(79,900159);
insert into fall22_s004_10_composes values(80,900128);
insert into fall22_s004_10_composes values(81,900127);
insert into fall22_s004_10_composes values(82,900140);
insert into fall22_s004_10_composes values(83,900139);
insert into fall22_s004_10_composes values(84,900150);
insert into fall22_s004_10_composes values(85,900126);
insert into fall22_s004_10_composes values(86,900143);
insert into fall22_s004_10_composes values(87,900147);
insert into fall22_s004_10_composes values(88,900128);
insert into fall22_s004_10_composes values(89,900130);
insert into fall22_s004_10_composes values(90,900156);
insert into fall22_s004_10_composes values(91,900157);
insert into fall22_s004_10_composes values(92,900125);
insert into fall22_s004_10_composes values(93,900150);
insert into fall22_s004_10_composes values(94,900141);
insert into fall22_s004_10_composes values(95,900142);
insert into fall22_s004_10_composes values(96,900146);
insert into fall22_s004_10_composes values(97,900125);
insert into fall22_s004_10_composes values(98,900144);
insert into fall22_s004_10_composes values(99,900137);
insert into fall22_s004_10_composes values(100,900134);
insert into fall22_s004_10_composes values(101,900158);
insert into fall22_s004_10_composes values(102,900150);
insert into fall22_s004_10_composes values(103,900142);
insert into fall22_s004_10_composes values(104,900123);
insert into fall22_s004_10_composes values(105,900133);
insert into fall22_s004_10_composes values(106,900160);

